,Education,Marital_Status,Income,Kids,Expenses,TotalAcceptedCmp,NumTotalPurchases,Age,day_engaged,cluster
0,0,0,58138.0,0,1617,1,25,58,997,2
1,0,0,46344.0,2,27,0,6,61,151,1
2,0,1,71613.0,0,776,0,21,50,498,2
3,0,1,26646.0,1,53,0,8,31,91,1
4,0,1,58293.0,1,422,0,19,34,347,1
5,0,1,62513.0,1,716,0,22,48,479,2
6,0,0,55635.0,1,590,0,21,44,779,2
7,0,1,33454.0,1,169,0,10,30,514,1
8,0,1,30351.0,1,46,1,6,41,574,1
9,0,1,5648.0,2,49,1,2,65,294,1
10,0,1,52247.25135379061,1,19,0,4,32,412,1
11,1,1,7500.0,0,61,0,6,39,779,3
12,0,0,63033.0,0,1102,0,16,56,412,2
13,0,0,59354.0,2,310,0,15,63,412,1
14,0,1,17323.0,0,46,0,5,28,813,1
15,0,0,82800.0,0,1315,3,26,69,768,2
16,0,1,41850.0,2,96,0,9,35,738,1
17,0,1,37760.0,0,317,0,13,69,853,1
18,0,1,76995.0,1,1782,1,26,66,644,2
19,0,0,33812.0,1,133,0,8,30,1026,1
20,0,1,37040.0,0,316,0,12,33,876,1
21,0,1,2447.0,1,1730,0,43,36,579,2
22,0,1,58607.0,1,972,1,17,66,739,2
23,0,1,65324.0,1,544,0,20,61,61,2
24,0,1,40689.0,1,444,0,20,64,654,1
25,0,0,18589.0,0,75,0,8,46,699,1
26,0,1,53359.0,2,257,0,14,39,584,1
27,0,0,52247.25135379061,1,637,0,27,29,680,2
28,0,1,38360.0,1,131,0,9,26,580,1
29,0,1,84618.0,0,1672,1,26,50,405,2
30,0,0,10979.0,0,30,0,8,26,224,1
31,0,1,38620.0,0,318,0,11,52,422,1
32,0,1,40548.0,1,120,1,9,45,813,1
33,0,0,46610.0,2,302,1,17,63,794,1
34,0,1,68657.0,0,1196,0,18,69,680,2
35,0,0,49389.0,2,65,0,6,64,490,1
36,0,1,67353.0,1,913,0,28,45,366,2
37,0,1,23718.0,1,81,0,9,39,691,1
38,0,0,42429.0,1,67,0,7,42,60,1
39,0,0,48948.0,0,902,2,24,72,729,2
40,0,1,80011.0,1,1395,0,21,35,612,2
41,0,1,20559.0,1,53,0,7,30,394,1
42,0,1,21994.0,1,22,0,4,58,738,1
43,0,0,52247.25135379061,0,186,0,9,56,600,1
44,0,1,7500.0,1,31,0,8,40,690,1
45,0,0,79941.0,0,984,0,16,39,187,2
46,0,1,7500.0,0,122,1,10,19,842,1
47,0,1,41728.0,1,55,0,5,47,587,1
48,0,0,52247.25135379061,3,124,0,10,64,365,1
49,0,1,72550.0,2,1319,0,28,61,873,2
50,0,0,65486.0,1,507,0,17,58,27,1
51,0,1,79143.0,0,1693,0,29,51,784,2
52,0,0,35790.0,1,72,0,7,38,699,1
53,0,0,82582.0,0,1617,3,21,38,179,2
54,0,1,66373.0,2,606,0,23,37,391,1
55,0,1,82384.0,0,1957,2,27,60,773,2
56,0,0,70287.0,0,1093,1,21,49,696,2
57,0,0,27938.0,1,29,0,6,27,248,1
58,0,0,52247.25135379061,1,46,0,7,33,563,1
59,0,1,55954.0,1,518,0,19,47,304,1
60,0,0,75777.0,0,1438,3,21,33,634,2
61,0,1,66653.0,2,612,0,22,40,906,2
62,0,0,61823.0,1,884,0,24,63,682,2
63,0,0,67680.0,1,606,0,19,64,421,2
64,0,1,70666.0,0,1076,0,16,67,568,2
65,0,1,25721.0,1,34,1,5,44,590,1
66,0,1,32474.0,2,11,0,4,48,57,1
67,0,0,88194.0,1,1274,3,32,36,288,2
68,0,1,69096.0,1,653,0,18,57,461,2
69,0,1,74854.0,3,1562,0,19,45,515,2
70,0,1,66991.0,0,1253,0,21,61,783,2
71,0,1,52247.25135379061,1,109,0,9,42,839,1
72,0,1,65031.0,1,863,0,30,56,655,2
73,0,1,60631.0,2,661,1,24,40,607,2
74,0,1,28332.0,0,65,0,8,63,246,1
75,0,0,40246.0,1,13,0,4,38,743,1
76,0,1,75251.0,0,1890,1,19,43,857,2
77,0,0,75825.0,0,2209,2,22,39,752,2
78,0,1,26326.0,0,18,0,4,39,632,1
79,0,1,56046.0,0,692,2,21,50,699,2
80,0,0,29760.0,1,165,0,12,30,855,1
81,0,1,26304.0,1,16,0,4,46,557,1
82,0,1,23559.0,1,79,0,9,42,665,1
83,0,1,38620.0,0,318,0,11,52,422,1
84,0,0,81361.0,0,778,0,27,28,310,2
85,0,1,29440.0,2,56,0,7,55,419,1
86,0,1,36138.0,2,151,1,13,45,534,1
87,0,0,50388.0,1,372,3,17,58,218,2
88,0,1,79593.0,0,1366,1,19,42,27,2
89,0,1,54178.0,1,194,0,10,48,345,1
90,0,1,52247.25135379061,3,603,0,29,58,773,1
91,0,0,52247.25135379061,2,18,0,4,58,219,1
92,0,1,52247.25135379061,0,985,0,15,42,404,2
93,0,0,42394.0,1,32,0,5,43,284,1
94,0,1,23626.0,1,43,0,10,45,222,1
95,0,1,30096.0,1,45,0,6,32,224,1
96,0,0,47916.0,1,606,1,22,55,770,2
97,0,0,51813.0,2,63,0,7,43,423,1
98,0,1,78497.0,0,978,1,25,64,719,2
99,0,1,50150.0,0,410,0,16,32,560,1
100,0,0,47823.0,1,72,0,7,55,527,1
101,0,0,34554.0,1,55,0,7,56,277,1
102,0,1,85693.0,1,1169,0,27,36,621,2
103,0,1,65846.0,0,1120,0,16,70,594,2
104,0,1,87195.0,0,1097,1,20,56,149,2
105,1,1,24594.0,1,29,0,5,36,446,3
106,0,1,49096.0,2,187,0,13,51,464,1
107,0,1,52413.0,2,910,0,26,46,698,2
108,0,0,38557.0,1,145,0,9,37,743,1
109,0,1,89058.0,0,850,0,14,55,903,2
110,0,1,77298.0,1,969,0,24,36,689,2
111,0,0,68126.0,0,1820,2,17,24,812,2
112,0,1,57288.0,1,608,1,20,52,190,2
113,0,0,86037.0,0,730,3,25,24,699,2
114,0,1,43974.0,1,551,0,21,35,750,1
115,0,0,50785.0,2,114,0,8,53,449,1
116,0,1,90765.0,0,1724,2,15,45,342,2
117,0,1,36550.0,1,577,0,20,37,681,1
118,0,1,30753.0,2,81,0,7,48,420,1
119,0,1,21918.0,1,33,0,7,46,413,1
120,0,1,56129.0,1,660,0,22,62,560,2
121,0,0,32557.0,1,80,1,9,48,311,1
122,0,1,19510.0,2,30,0,6,30,632,1
123,0,0,30992.0,1,43,0,5,39,619,1
124,0,0,101970.0,0,1135,4,27,32,394,2
125,0,1,71488.0,0,559,0,16,50,682,2
126,0,0,79607.0,0,1923,1,16,31,620,2
127,0,1,54348.0,2,90,0,8,62,148,1
128,0,1,52247.25135379061,1,404,0,17,54,420,1
129,0,1,77376.0,2,661,0,23,59,88,2
130,0,1,62998.0,1,463,0,19,63,458,2
131,0,0,61331.0,2,632,0,23,57,455,2
132,0,1,73448.0,0,725,0,19,46,91,2
133,0,1,52247.25135379061,1,725,0,19,52,419,2
134,0,1,41551.0,2,279,0,16,51,505,1
135,0,1,62981.0,0,1482,1,23,48,655,2
136,1,0,9548.0,1,29,0,6,39,876,3
137,0,1,33762.0,3,106,0,9,56,543,1
138,0,0,35860.0,2,49,2,6,42,227,1
139,0,0,36921.0,2,38,0,7,50,522,1
140,0,0,92859.0,0,2077,0,22,23,804,2
141,0,1,65104.0,1,1053,1,17,39,413,2
142,0,1,86111.0,0,1385,0,23,53,622,2
143,0,0,68352.0,1,871,0,25,41,491,2
144,0,1,41883.0,1,312,0,12,27,653,1
145,0,1,59809.0,2,877,0,15,39,805,1
146,0,1,23957.0,1,68,1,6,40,795,1
147,0,1,38547.0,1,22,0,4,34,491,1
148,0,1,35688.0,3,211,0,16,42,862,1
149,0,1,49605.0,0,127,0,8,49,194,1
150,0,1,59354.0,2,459,0,16,62,252,1
151,0,1,65747.0,1,460,1,19,46,182,2
152,0,1,46344.0,1,429,0,17,43,748,1
153,0,0,34176.0,1,89,0,11,27,27,1
154,0,1,61010.0,1,1021,0,26,63,843,2
155,0,1,69372.0,0,1381,3,21,66,681,2
156,0,0,49967.0,1,306,0,15,57,512,1
157,0,0,60199.0,3,18,0,4,37,388,1
158,0,1,55375.0,1,162,0,9,38,441,1
159,0,0,80317.0,0,1231,0,18,60,499,2
160,0,0,30523.0,3,13,0,4,57,724,1
161,0,1,70356.0,0,1706,0,27,70,965,2
162,0,1,23228.0,1,121,0,11,31,245,1
163,0,0,74165.0,0,1293,0,20,40,726,2
164,0,1,157243.0,1,1608,0,37,42,363,2
165,0,1,43482.0,3,88,0,9,49,414,1
166,0,0,62551.0,0,421,1,18,62,409,2
167,0,0,52332.0,0,259,1,12,56,491,1
168,0,0,66951.0,0,1117,0,15,27,689,2
169,0,1,26091.0,2,89,0,9,58,310,1
170,0,1,33456.0,2,36,0,6,50,255,1
171,0,1,28718.0,1,57,0,7,33,537,1
172,0,1,50447.0,2,148,0,8,45,255,1
173,0,1,53537.0,2,93,0,8,56,336,1
174,0,0,52074.0,1,119,1,7,48,272,1
175,0,1,80427.0,1,1835,0,28,40,753,2
176,0,1,83837.0,0,1318,3,25,67,746,2
177,0,1,38853.0,2,45,0,7,45,223,1
178,0,1,38285.0,3,10,0,4,56,191,1
179,0,1,78497.0,0,978,1,25,64,719,2
180,0,1,51650.0,1,191,0,10,39,57,1
181,0,1,16248.0,1,57,0,9,27,88,1
182,0,1,66835.0,0,1033,0,24,69,460,2
183,0,1,30477.0,1,66,0,6,31,344,1
184,1,1,28249.0,0,43,0,6,54,200,3
185,0,1,25271.0,1,50,0,5,32,964,1
186,0,0,32303.0,1,39,0,7,45,151,1
187,0,1,61286.0,1,608,0,18,49,692,2
188,0,1,74068.0,0,1581,0,24,39,653,2
189,0,1,45759.0,2,68,0,7,51,677,1
190,1,1,24882.0,1,80,1,5,37,844,3
191,0,1,66973.0,0,1282,0,28,26,594,2
192,0,0,36640.0,1,65,0,6,115,462,1
193,0,1,38872.0,1,91,0,8,27,581,1
194,0,1,51148.0,2,315,0,16,42,682,1
195,0,1,31353.0,2,31,0,6,38,368,1
196,0,1,69661.0,0,834,0,23,35,233,2
197,0,1,80067.0,0,1600,1,17,61,469,2
198,0,1,86718.0,0,1270,0,17,61,714,2
199,0,0,46854.0,2,263,2,15,42,276,1
200,0,0,69142.0,1,535,1,19,63,186,2
201,0,0,75922.0,0,1295,0,18,47,476,2
202,0,0,63693.0,1,1150,0,29,37,444,2
203,0,1,102160.0,0,1240,4,26,38,1055,2
204,0,0,40637.0,2,38,0,6,50,533,1
205,0,0,18890.0,0,35,2,4,31,812,1
206,0,1,29604.0,1,53,1,5,27,507,1
207,0,0,48721.0,2,293,0,17,52,598,1
208,0,1,44794.0,1,65,0,6,49,148,1
209,0,0,64497.0,1,1804,2,29,61,814,2
210,0,1,46097.0,1,241,0,15,59,641,1
211,0,1,77972.0,0,1101,0,20,61,289,2
212,0,1,44377.0,2,264,0,19,47,966,1
213,0,1,46014.0,2,541,0,26,41,710,1
214,0,1,70951.0,0,1198,0,17,30,636,2
215,0,1,41443.0,1,482,0,20,38,362,1
216,0,0,52195.0,3,17,0,4,37,27,1
217,0,1,83790.0,0,1615,2,25,67,412,2
218,0,0,44551.0,1,285,0,12,61,488,1
219,0,1,69508.0,1,1135,0,28,35,778,2
220,0,1,45204.0,1,114,0,7,27,58,1
221,0,1,72460.0,0,1047,0,16,46,413,2
222,0,1,77622.0,2,714,0,22,45,262,2
223,0,1,30732.0,1,185,0,13,35,610,1
224,0,0,63887.0,1,1245,0,32,53,875,2
225,0,1,42011.0,1,189,0,12,37,646,1
226,0,1,51369.0,1,576,0,16,39,798,1
227,0,0,51537.0,1,1103,0,18,63,841,2
228,0,1,79930.0,0,1753,0,17,43,876,2
229,0,1,34320.0,1,17,0,4,29,319,1
230,0,0,37070.0,2,433,1,23,49,652,1
231,0,0,81975.0,1,1588,1,14,53,610,2
232,0,1,38590.0,1,22,0,4,44,596,1
233,0,0,15033.0,0,19,0,5,64,260,1
234,0,1,62745.0,1,1117,0,29,50,649,2
235,0,1,22212.0,1,69,0,8,40,476,1
236,0,1,23661.0,1,23,0,5,33,629,1
237,0,0,79761.0,1,605,0,19,57,631,2
238,0,0,7500.0,1,57,0,11,42,371,1
239,0,0,60182.0,1,22,0,4,122,229,1
240,0,0,73455.0,0,2088,1,22,47,430,2
241,0,1,64961.0,1,1009,0,16,57,739,2
242,0,0,22804.0,1,26,0,5,44,519,1
243,0,1,73687.0,0,1627,2,22,25,399,2
244,0,1,61074.0,1,1102,0,31,57,867,2
245,0,1,31686.0,2,17,0,6,51,240,1
246,0,1,80134.0,1,1690,4,16,43,591,2
247,0,1,75027.0,1,1390,0,21,62,487,2
248,0,1,67546.0,0,2126,0,20,27,853,2
249,0,1,65176.0,1,1531,0,25,46,794,2
250,0,0,31160.0,1,64,0,7,40,472,1
251,0,0,29938.0,1,26,0,6,30,431,1
252,0,0,102692.0,0,1112,5,29,41,607,2
253,0,1,26490.0,0,210,0,11,57,831,1
254,0,1,75702.0,2,1148,0,26,48,855,2
255,0,0,30899.0,1,33,0,6,41,810,1
256,0,1,63342.0,1,1101,1,19,54,807,2
257,0,0,45989.0,1,322,0,16,51,801,1
258,0,0,18701.0,2,44,0,10,51,635,1
259,0,0,40737.0,3,17,0,4,58,507,1
260,0,0,15287.0,1,31,2,6,36,813,1
261,0,0,69674.0,2,845,0,25,47,589,2
262,0,1,44159.0,1,275,0,15,45,198,1
263,0,1,37717.0,1,25,0,4,37,769,1
264,0,1,43776.0,2,275,1,17,63,670,1
265,0,1,38179.0,2,90,0,11,49,658,1
266,0,1,80124.0,0,1495,1,19,52,189,2
267,0,1,38097.0,2,184,2,11,45,808,1
268,0,1,72940.0,0,981,0,13,45,561,2
269,0,1,22070.0,1,67,0,8,45,631,1
270,0,0,69267.0,0,1635,1,14,62,831,2
271,0,0,31788.0,1,60,0,10,32,287,1
272,0,1,61905.0,1,231,0,12,40,274,1
273,0,1,29315.0,2,48,0,10,55,211,1
274,0,0,33378.0,2,99,0,9,52,578,1
275,0,1,66313.0,1,770,0,23,52,472,2
276,0,0,60714.0,0,957,1,23,59,714,2
277,0,1,77882.0,0,818,0,12,34,246,2
278,0,0,69867.0,0,925,2,17,29,696,2
279,0,0,63841.0,1,908,0,22,47,620,2
280,1,1,24480.0,1,102,0,10,34,425,3
281,0,1,51369.0,1,576,0,16,39,798,1
282,0,1,37760.0,0,317,0,13,69,853,1
283,0,1,65640.0,1,461,0,15,41,363,1
284,0,1,44319.0,2,37,0,7,40,259,1
285,0,1,30631.0,1,70,0,7,41,390,1
286,0,1,75278.0,0,930,0,23,63,702,2
287,0,1,50898.0,2,859,0,33,59,518,2
288,0,0,79946.0,0,1478,0,22,49,27,2
289,0,0,35416.0,0,390,0,16,66,567,1
290,0,1,32414.0,0,52,1,5,31,634,1
291,0,1,38361.0,1,137,0,10,46,370,1
292,0,1,82497.0,0,1919,1,19,35,792,2
293,0,1,16626.0,2,68,0,9,44,351,1
294,0,1,29672.0,2,25,0,4,50,394,1
295,0,1,55951.0,1,1374,2,23,63,861,2
296,0,0,35388.0,1,32,0,5,27,547,1
297,0,1,42386.0,1,100,0,7,29,718,1
298,0,0,68627.0,0,825,0,12,33,396,2
299,0,0,57912.0,1,916,1,28,50,290,2
300,0,0,35246.0,2,62,0,11,57,260,1
301,0,1,58821.0,1,728,0,21,59,387,2
302,0,1,46377.0,1,90,0,7,37,363,1
303,0,0,39747.0,1,273,0,13,27,263,1
304,0,1,23976.0,1,66,0,10,31,370,1
305,0,1,80950.0,0,1213,1,23,54,644,2
306,0,0,27038.0,0,107,1,7,49,835,1
307,0,0,77457.0,0,1157,1,18,68,243,2
308,0,1,64100.0,1,546,1,18,51,449,2
309,0,1,42670.0,0,241,0,11,23,614,1
310,0,0,12571.0,1,53,0,11,39,348,1
311,0,1,22574.0,3,37,0,7,48,430,1
312,0,1,52247.25135379061,0,1611,2,24,26,666,2
313,0,0,70893.0,0,1508,0,23,39,578,2
314,0,1,54198.0,2,235,0,16,49,380,1
315,0,1,28839.0,2,32,0,7,59,59,1
316,0,1,40321.0,2,102,0,8,43,521,1
317,0,0,66503.0,1,401,0,15,30,870,1
318,0,1,30833.0,2,28,0,6,64,534,1
319,0,0,52247.25135379061,3,1052,2,21,45,496,2
320,0,1,64795.0,1,680,0,21,44,714,2
321,0,1,34421.0,1,30,0,4,41,724,1
322,0,0,47025.0,2,20,0,4,50,121,1
323,0,0,64325.0,1,1307,0,23,54,548,2
324,0,0,40464.0,1,630,0,24,62,426,2
325,0,1,62187.0,0,1283,0,18,58,604,2
326,0,0,14849.0,1,65,0,9,39,693,1
327,0,1,27255.0,1,37,0,5,31,539,1
328,0,1,54432.0,3,38,0,5,65,483,1
329,0,0,29999.0,1,160,0,12,29,687,1
330,0,0,24072.0,1,23,0,4,32,625,1
331,0,0,33996.0,0,71,0,6,26,418,1
332,0,1,66334.0,1,1161,1,19,59,668,2
333,0,1,35178.0,1,59,2,5,44,457,1
334,0,1,22010.0,1,33,0,7,32,550,1
335,0,0,62204.0,2,946,0,22,55,753,2
336,0,0,75693.0,0,1442,4,22,47,933,2
337,0,1,30675.0,1,62,0,5,43,751,1
338,0,1,83003.0,0,1674,2,22,50,669,2
339,0,1,83532.0,0,1853,1,15,116,462,2
340,0,0,68655.0,0,1538,0,21,27,815,2
341,0,0,41411.0,0,139,0,8,29,538,1
342,0,1,55212.0,1,1182,2,20,46,769,2
343,0,1,59292.0,1,507,0,18,65,567,2
344,1,1,27190.0,1,18,2,4,42,504,3
345,0,0,82623.0,0,940,0,16,63,447,2
346,0,1,44300.0,2,42,0,6,50,557,1
347,0,0,84835.0,0,1190,1,15,45,199,2
348,0,0,30372.0,2,44,0,8,44,737,1
349,0,1,33181.0,1,16,1,4,39,306,1
350,0,1,71113.0,1,835,0,26,58,380,2
351,0,1,71952.0,1,1443,2,22,29,457,2
352,0,0,69759.0,0,1029,1,18,49,430,2
353,0,1,72099.0,0,1188,0,18,41,796,2
354,0,0,60000.0,1,1277,0,24,39,740,2
355,0,0,38643.0,2,49,0,7,37,398,1
356,0,1,50737.0,1,99,1,7,60,422,1
357,0,1,68462.0,0,1670,0,15,46,750,2
358,0,1,65073.0,0,900,0,14,72,499,2
359,0,1,46681.0,2,425,0,16,67,509,1
360,0,1,78618.0,0,2153,1,22,58,825,2
361,0,0,62187.0,1,636,0,21,46,285,2
362,0,1,28442.0,2,57,0,10,37,311,1
363,0,1,37717.0,1,25,0,4,37,769,1
364,0,1,51479.0,2,494,0,22,48,734,1
365,0,0,54803.0,1,693,0,19,46,863,2
366,0,1,79530.0,0,1348,0,26,55,594,2
367,0,0,31615.0,1,51,0,7,39,656,1
368,0,1,72025.0,0,1932,0,16,53,775,2
369,0,0,52614.0,1,990,0,16,40,1085,2
370,0,1,35684.0,1,30,0,5,31,254,1
371,0,1,48178.0,2,254,0,16,40,795,1
372,0,0,29548.0,1,29,1,5,45,490,1
373,0,0,63810.0,1,1371,1,23,49,781,2
374,0,0,38578.0,2,73,1,9,43,558,1
375,0,0,46098.0,2,120,0,11,40,866,1
376,0,0,22585.0,0,81,2,5,45,654,1
377,0,0,30279.0,1,37,0,5,26,732,1
378,0,1,66426.0,1,1377,0,20,54,690,2
379,0,0,30822.0,1,51,0,5,46,566,1
380,0,1,33581.0,2,17,0,4,46,518,1
381,0,1,19986.0,1,22,0,4,30,413,1
382,0,0,27421.0,0,324,0,14,61,750,1
383,0,1,35688.0,3,211,0,16,42,862,1
384,0,0,36143.0,1,19,0,4,34,277,1
385,0,0,10245.0,1,41,0,8,44,596,1
386,0,1,43795.0,1,492,2,17,47,442,2
387,0,1,63381.0,1,1005,0,26,55,966,2
388,0,1,38823.0,1,114,0,7,66,854,1
389,0,0,83664.0,2,1173,0,19,47,514,2
390,0,1,90300.0,0,1738,1,19,36,306,2
391,0,1,62499.0,1,222,0,12,36,476,1
392,0,0,74293.0,0,1127,0,16,22,271,2
393,0,1,51012.0,0,209,0,10,69,623,1
394,0,1,70777.0,1,787,0,23,47,310,2
395,0,1,68682.0,0,1598,0,24,24,570,2
396,0,1,43824.0,2,186,0,12,44,838,1
397,0,1,15345.0,1,47,1,6,31,853,1
398,0,0,23442.0,1,27,0,5,28,738,1
399,0,1,14515.0,1,96,1,11,35,842,1
400,0,0,31395.0,2,64,0,10,59,649,1
401,0,1,75276.0,0,1040,0,23,50,826,2
402,0,0,42373.0,2,163,0,13,41,504,1
403,0,1,30507.0,0,343,0,11,55,424,1
404,0,0,55521.0,3,446,2,24,60,436,2
405,0,1,48006.0,2,41,0,5,50,117,1
406,0,0,27213.0,1,70,1,9,43,854,1
407,0,0,65808.0,2,272,0,14,44,216,1
408,0,1,30351.0,1,46,0,6,41,574,1
409,0,1,50437.0,2,490,0,19,52,806,1
410,0,0,23616.0,1,79,1,8,33,775,1
411,0,1,53858.0,1,915,0,17,39,842,2
412,0,1,66465.0,1,1485,1,35,60,642,2
413,0,0,46923.0,1,369,0,16,28,862,1
414,0,1,75072.0,1,1073,0,19,53,708,2
415,0,1,75865.0,0,1242,0,19,72,276,2
416,0,1,19789.0,1,78,1,9,40,407,1
417,0,1,80134.0,0,1378,4,21,21,321,2
418,0,0,91065.0,0,1474,3,26,34,678,2
419,0,1,49505.0,2,751,0,29,44,608,2
420,0,1,37401.0,1,48,0,7,42,210,1
421,0,1,30096.0,1,45,0,6,32,224,1
422,0,1,18492.0,1,10,0,4,33,240,1
423,0,1,82584.0,0,1435,3,16,41,635,2
424,0,1,93027.0,0,2119,1,22,74,628,2
425,0,1,48686.0,3,20,0,4,62,629,1
426,0,1,92910.0,0,1795,3,27,29,252,2
427,0,1,75433.0,1,1188,2,19,26,242,2
428,0,1,10404.0,1,43,0,7,26,271,1
429,0,1,61314.0,1,1008,0,24,47,616,2
430,0,0,84865.0,0,1688,5,16,54,483,2
431,0,1,42387.0,1,684,0,21,26,794,1
432,0,1,67309.0,2,1082,0,39,48,708,2
433,0,1,75236.0,1,1068,0,25,51,402,2
434,0,0,30015.0,1,57,0,7,45,333,1
435,0,1,50943.0,1,46,0,5,59,559,1
436,0,0,67272.0,1,733,0,23,49,376,2
437,0,0,51529.0,1,467,0,17,66,541,1
438,0,1,32011.0,1,122,0,10,44,497,1
439,0,1,7500.0,1,36,0,7,29,548,1
440,0,1,28691.0,1,34,0,5,26,634,1
441,0,1,56223.0,1,156,0,10,67,377,1
442,0,1,18100.0,0,14,0,4,69,572,1
443,0,0,30279.0,1,37,0,5,26,732,1
444,0,1,20130.0,0,34,0,5,41,290,1
445,0,0,23295.0,0,20,0,4,56,537,1
446,0,0,42618.0,1,192,0,11,43,478,1
447,0,0,81246.0,0,1379,2,17,51,368,2
448,0,1,24027.0,1,48,0,7,39,482,1
449,0,1,55707.0,1,428,0,16,62,375,1
450,0,0,57959.0,1,868,0,27,60,695,2
451,0,1,56796.0,1,1001,0,27,46,684,2
452,0,0,36230.0,1,59,0,7,44,441,1
453,0,1,70829.0,2,431,0,16,35,719,1
454,0,1,65991.0,1,971,0,27,39,906,2
455,0,1,38988.0,3,348,0,19,43,864,1
456,0,0,89572.0,0,2059,3,24,49,838,2
457,0,1,42207.0,1,265,2,14,31,727,1
458,0,1,50300.0,1,270,0,13,63,221,1
459,0,1,66664.0,0,1289,0,19,33,828,2
460,0,1,60597.0,1,893,2,16,51,365,2
461,0,0,70165.0,0,926,0,22,66,466,2
462,0,0,50520.0,1,135,0,9,57,338,1
463,0,1,80124.0,0,1495,1,19,52,189,2
464,0,1,33183.0,1,120,0,9,40,311,1
465,0,0,66582.0,0,1288,0,20,46,304,2
466,0,1,75261.0,0,1743,3,17,60,618,2
467,0,0,31880.0,1,15,0,4,45,792,1
468,0,1,53790.0,2,542,0,20,64,212,1
469,0,1,49269.0,1,890,0,25,44,869,2
470,0,1,61456.0,1,1388,0,33,40,645,2
471,0,1,37406.0,1,17,1,4,35,448,1
472,0,1,56937.0,1,906,2,30,34,998,2
473,0,1,38415.0,2,44,0,6,37,699,1
474,0,0,20518.0,1,25,0,5,27,228,1
475,0,1,62503.0,1,973,0,26,59,682,2
476,0,0,41644.0,2,31,0,6,43,118,1
477,0,1,55842.0,1,518,0,17,38,223,1
478,0,1,62010.0,1,530,0,19,43,800,2
479,0,1,41124.0,1,506,0,21,38,792,1
480,0,1,38961.0,1,70,0,6,42,367,1
481,0,0,37760.0,1,54,0,6,43,419,1
482,0,0,32233.0,1,296,2,12,41,865,1
483,0,1,43057.0,1,266,0,15,40,428,1
484,0,1,83151.0,0,747,0,19,55,813,2
485,0,0,78825.0,0,895,1,29,51,839,2
486,0,1,65104.0,1,1053,0,17,39,413,2
487,0,1,60093.0,1,735,0,21,41,554,2
488,0,1,14045.0,1,20,0,5,46,340,1
489,0,0,28457.0,0,205,0,10,63,795,1
490,0,1,78952.0,1,2092,0,21,57,829,2
491,0,0,46310.0,1,309,0,14,39,1025,1
492,0,1,76005.0,0,1722,1,22,60,678,2
493,0,0,58308.0,1,900,0,15,51,396,2
494,0,0,55614.0,0,682,1,20,71,400,2
495,0,0,59432.0,1,663,0,22,53,628,2
496,0,0,55563.0,1,43,0,6,37,242,1
497,0,1,78642.0,1,1816,0,18,44,620,2
498,0,1,67911.0,1,976,0,27,66,224,2
499,0,1,65275.0,0,746,0,21,71,668,2
500,0,1,27203.0,2,64,0,6,65,937,1
501,0,1,48330.0,1,32,0,5,54,412,1
502,1,1,24279.0,0,263,0,9,25,733,3
503,0,1,64355.0,1,1445,0,21,30,860,2
504,0,1,50943.0,1,46,0,5,59,559,1
505,0,0,53653.0,0,1210,0,28,62,904,2
506,0,1,65665.0,1,945,0,24,39,688,2
507,0,0,81217.0,0,1157,0,22,26,531,2
508,0,1,34935.0,0,137,0,8,23,559,1
509,0,0,61250.0,1,730,0,25,56,746,2
510,0,1,39665.0,1,216,1,12,34,586,1
511,0,0,60152.0,1,943,0,23,36,644,2
512,0,1,48920.0,2,347,1,16,51,438,1
513,0,1,89120.0,0,1924,1,19,56,290,2
514,0,1,44124.0,1,397,0,17,69,422,1
515,0,0,81169.0,0,2089,0,22,40,627,2
516,0,1,36443.0,2,138,0,11,54,670,1
517,0,0,26095.0,1,42,0,5,25,550,1
518,0,1,71367.0,0,777,0,17,56,496,2
519,0,1,80184.0,0,1902,2,20,71,363,2
520,0,0,30630.0,2,52,0,7,50,339,1
521,0,0,73454.0,0,1651,1,13,28,363,2
522,0,1,42691.0,0,358,0,13,24,503,1
523,0,1,70503.0,0,1727,2,16,62,823,2
524,0,1,25545.0,1,210,1,10,28,875,1
525,0,1,32880.0,1,42,0,5,29,994,1
526,0,1,77863.0,0,1291,0,20,57,400,2
527,0,1,50353.0,0,442,0,15,38,148,1
528,0,0,61839.0,0,1895,0,17,51,754,2
529,0,1,49154.0,2,411,0,19,55,661,1
530,0,0,47682.0,1,521,0,19,40,685,1
531,0,0,72679.0,1,1168,0,17,46,470,2
532,0,1,57954.0,2,493,1,23,38,197,1
533,0,1,65316.0,2,260,0,12,53,617,1
534,0,0,28567.0,1,46,0,7,33,563,1
535,0,1,47352.0,1,319,0,16,64,423,1
536,0,1,44931.0,1,96,0,7,48,348,1
537,0,0,76982.0,0,1062,2,16,48,320,2
538,0,1,57247.0,1,232,0,12,63,511,1
539,0,0,22944.0,1,76,0,9,34,374,1
540,0,1,25315.0,1,54,0,9,38,539,1
541,0,0,43638.0,1,201,0,11,46,937,1
542,0,0,42710.0,1,406,0,14,31,764,1
543,0,1,84169.0,0,1919,3,20,33,542,2
544,0,1,54058.0,1,662,0,20,39,635,2
545,0,1,24683.0,1,41,0,8,25,151,1
546,0,0,85620.0,0,1600,1,14,51,184,2
547,0,1,47850.0,1,134,0,8,35,660,1
548,0,1,19514.0,2,69,2,10,47,340,1
549,0,1,27159.0,2,21,0,6,42,278,1
550,0,0,39548.0,2,54,0,7,52,276,1
551,0,0,21474.0,1,91,2,8,26,150,1
552,0,0,60504.0,1,526,0,18,44,183,1
553,0,1,22419.0,0,162,0,8,52,623,1
554,0,1,81698.0,0,1008,1,25,66,569,2
555,0,1,43462.0,2,240,0,16,63,753,1
556,0,0,54880.0,1,795,0,21,37,728,2
557,0,1,79908.0,0,1772,1,19,33,607,2
558,0,1,15315.0,0,64,0,8,45,664,1
559,0,1,87771.0,1,1957,5,20,56,589,2
560,0,1,33039.0,1,78,0,7,37,479,1
561,0,0,81741.0,0,1572,0,19,35,564,2
562,0,1,71499.0,1,795,0,26,44,555,2
563,0,1,62466.0,1,889,0,26,45,351,2
564,0,0,48799.0,1,331,0,15,52,600,1
565,0,1,52157.0,1,265,0,12,65,179,1
566,0,0,66565.0,1,1065,0,19,53,964,2
567,0,1,29298.0,2,11,0,4,64,541,1
568,0,0,47691.0,1,21,0,4,36,604,1
569,0,1,38200.0,2,17,0,4,45,903,1
570,0,1,44989.0,1,369,0,16,41,753,1
571,0,1,38443.0,2,38,0,6,47,339,1
572,0,0,38593.0,1,177,0,11,37,475,1
573,0,1,64413.0,1,279,0,12,45,723,1
574,0,1,36959.0,1,62,0,7,34,690,1
575,0,1,61996.0,1,1230,4,21,38,700,2
576,0,1,51287.0,2,182,0,11,47,362,1
577,0,1,13260.0,2,49,0,10,45,496,1
578,0,1,47472.0,2,75,0,8,49,472,1
579,0,1,54603.0,2,227,0,16,59,481,1
580,0,1,45207.0,2,215,1,15,41,812,1
581,0,1,40689.0,1,444,0,20,64,654,1
582,0,1,47821.0,2,47,0,5,48,438,1
583,0,1,27450.0,0,143,0,7,64,626,1
584,0,1,39453.0,1,55,0,7,32,303,1
585,0,1,26850.0,2,63,0,11,44,258,1
586,0,0,79800.0,0,1867,4,22,60,830,2
587,0,1,61794.0,1,611,0,20,54,474,2
588,0,1,53863.0,1,473,1,18,60,229,2
589,0,1,24221.0,0,55,0,6,56,499,1
590,0,0,39684.0,1,81,1,7,31,752,1
591,0,1,92163.0,0,2086,3,21,40,750,2
592,0,0,69882.0,0,1478,0,20,50,447,2
593,0,1,33178.0,1,49,0,5,38,336,1
594,0,1,59973.0,0,382,0,15,43,418,1
595,0,1,17459.0,1,69,1,9,40,469,1
596,0,0,23910.0,1,67,0,6,46,797,1
597,0,1,42169.0,2,30,0,6,46,439,1
598,0,1,26224.0,1,63,0,9,37,635,1
599,0,1,31089.0,1,79,0,10,34,867,1
600,0,0,30081.0,1,42,0,5,54,679,1
601,0,1,62807.0,1,819,0,23,55,853,2
602,0,0,72906.0,0,1151,0,17,60,471,2
603,0,1,61467.0,2,594,0,20,67,841,2
604,0,1,49618.0,2,129,0,11,49,705,1
605,0,0,21888.0,1,213,1,12,29,733,1
606,0,0,42429.0,1,67,0,7,42,60,1
607,0,0,26150.0,3,28,0,5,59,424,1
608,1,1,30801.0,1,45,0,6,40,797,3
609,0,1,81168.0,0,1193,1,18,50,180,2
610,0,0,26877.0,0,268,0,12,46,500,1
611,0,0,45006.0,0,266,0,12,71,532,1
612,1,1,18978.0,1,37,0,5,42,780,3
613,0,1,22574.0,3,37,0,7,48,430,1
614,0,0,48240.0,0,882,1,25,46,842,2
615,0,1,45837.0,2,373,0,18,41,524,1
616,0,0,35791.0,3,35,0,6,50,575,1
617,0,1,162397.0,2,107,0,1,39,666,1
618,0,0,54162.0,2,42,0,5,37,654,1
619,0,1,30522.0,1,326,0,17,55,867,1
620,0,1,54456.0,1,404,0,17,54,420,1
621,0,0,31632.0,0,95,0,6,44,536,1
622,0,0,72298.0,0,939,2,14,66,90,2
623,0,0,36975.0,1,33,0,5,37,369,1
624,0,1,72635.0,0,981,1,21,60,666,2
625,0,1,13624.0,1,36,0,7,39,711,1
626,0,0,84196.0,1,1237,0,20,40,666,2
627,0,1,70971.0,1,1825,1,34,55,832,2
628,0,0,34487.0,2,103,0,9,38,936,1
629,0,0,28769.0,1,191,0,12,38,744,1
630,0,1,69084.0,1,1586,0,25,45,408,2
631,0,1,65488.0,0,963,0,14,57,202,2
632,0,1,62466.0,1,889,0,26,45,351,2
633,0,0,32218.0,0,93,2,7,55,320,1
634,0,0,83917.0,0,1587,1,21,42,623,2
635,0,0,46102.0,3,16,0,4,53,90,1
636,0,0,84574.0,0,1375,0,32,63,635,2
637,0,1,56181.0,1,393,0,14,53,518,1
638,0,0,63120.0,1,1477,1,26,65,825,2
639,0,1,73691.0,1,1179,1,18,44,569,2
640,0,1,63381.0,1,1005,0,26,55,966,2
641,0,1,76140.0,0,1348,0,21,67,233,2
642,0,0,62859.0,1,1307,0,23,56,732,2
643,0,0,45906.0,1,486,1,15,51,545,1
644,0,1,77632.0,0,2252,3,13,68,455,2
645,0,1,46463.0,2,235,0,17,44,501,1
646,0,1,105471.0,0,1724,3,30,45,710,2
647,0,0,55282.0,1,235,0,11,45,384,1
648,0,1,78710.0,1,1092,0,28,38,223,2
649,0,1,66886.0,1,599,0,17,57,472,2
650,0,0,98777.0,0,2008,1,19,55,318,2
651,0,1,29103.0,1,48,0,6,30,857,1
652,0,1,67445.0,1,1174,0,32,41,754,2
653,0,1,50616.0,1,67,0,7,65,263,1
654,0,0,49431.0,1,365,0,15,60,1029,1
655,0,0,153924.0,0,6,0,0,40,183,2
656,0,1,61278.0,1,165,0,10,62,275,1
657,0,1,26490.0,0,210,0,11,57,831,1
658,0,1,73059.0,1,1095,0,26,68,488,2
659,0,0,46734.0,3,223,1,12,49,437,1
660,0,1,56253.0,1,597,0,22,52,903,2
661,0,1,19986.0,1,22,0,4,30,413,1
662,0,0,58330.0,1,1064,0,24,40,372,2
663,1,1,25965.0,0,74,0,6,35,906,3
664,0,1,14661.0,0,26,0,5,59,730,1
665,0,1,18690.0,0,60,0,5,56,734,1
666,0,1,45068.0,1,20,0,4,41,595,1
667,1,0,21063.0,1,59,0,7,28,463,3
668,0,1,29187.0,1,34,0,5,47,483,1
669,0,1,54690.0,2,198,0,12,44,539,1
670,0,1,59304.0,1,1048,0,28,51,521,2
671,0,0,59247.0,2,574,0,21,53,508,1
672,0,0,66731.0,1,1029,0,17,45,753,2
673,0,1,77353.0,1,670,0,20,35,381,2
674,0,0,52614.0,1,990,0,16,40,1085,2
675,0,1,26751.0,2,11,0,4,41,224,1
676,0,1,81300.0,1,1241,2,21,52,793,2
677,0,0,70337.0,0,576,0,17,36,334,2
678,0,1,36145.0,1,172,2,12,30,564,1
679,0,0,65295.0,0,664,0,20,35,374,2
680,0,0,68118.0,1,928,0,23,52,440,2
681,0,0,68743.0,0,2074,0,30,48,854,2
682,0,1,41039.0,0,467,0,15,33,525,1
683,0,1,38946.0,1,257,0,12,60,434,1
684,0,1,65777.0,0,1146,0,17,48,378,2
685,0,0,66476.0,1,689,0,20,39,547,2
686,0,0,86857.0,0,2114,1,22,43,753,2
687,0,1,160803.0,0,1717,0,44,33,998,2
688,0,1,77845.0,0,1346,2,21,26,230,2
689,0,1,69476.0,0,1044,0,15,46,458,2
690,0,0,50611.0,1,493,2,22,55,996,2
691,0,0,61209.0,0,957,0,13,45,494,2
692,0,1,42315.0,1,270,0,12,57,390,1
693,1,1,13084.0,0,29,0,5,63,689,3
694,0,0,47570.0,2,121,1,9,66,582,1
695,0,1,61923.0,2,126,0,8,54,524,1
696,0,0,34824.0,0,23,0,4,20,281,1
697,0,0,26518.0,2,57,1,8,66,515,1
698,0,0,45938.0,0,636,0,20,54,661,2
699,0,1,78468.0,0,1004,1,28,55,119,2
700,0,0,78901.0,1,734,0,20,42,471,2
701,0,1,71427.0,2,614,0,20,37,29,1
702,0,0,71022.0,1,1453,1,21,37,60,2
703,0,0,90247.0,0,1621,4,15,27,247,2
704,0,0,41335.0,1,187,0,12,47,371,1
705,0,1,71952.0,1,1443,2,22,29,457,2
706,0,0,35682.0,1,57,0,6,45,188,1
707,0,0,43185.0,1,637,0,20,64,454,2
708,0,1,66375.0,1,948,1,14,67,406,2
709,0,1,35178.0,1,59,2,5,44,457,1
710,0,1,25252.0,1,18,0,4,29,390,1
711,0,0,55250.0,1,903,0,26,50,802,2
712,0,0,33249.0,1,112,0,8,40,680,1
713,0,1,58398.0,0,596,0,20,62,597,2
714,0,1,50272.0,1,233,0,13,33,542,1
715,0,1,76618.0,0,1511,0,11,40,903,2
716,0,0,87305.0,0,1152,2,17,55,830,2
717,0,1,25851.0,1,48,0,7,37,425,1
718,0,0,58710.0,1,1185,0,31,45,641,2
719,0,0,45160.0,2,21,0,4,57,278,1
720,0,1,74806.0,1,965,0,16,50,743,2
721,0,1,59111.0,0,869,0,21,61,695,2
722,0,1,18988.0,1,16,0,6,31,223,1
723,0,1,72190.0,0,1947,0,16,50,687,2
724,0,1,7500.0,1,71,2,12,39,1089,1
725,0,1,44794.0,1,65,0,6,49,148,1
726,0,1,80395.0,0,1380,1,24,60,404,2
727,0,0,75012.0,0,1027,0,23,39,341,2
728,0,1,56962.0,3,411,0,21,50,417,1
729,0,1,89891.0,0,836,1,26,24,626,2
730,0,0,35946.0,2,11,0,4,66,461,1
731,0,1,53593.0,2,480,0,23,62,907,1
732,0,1,66373.0,2,606,0,23,37,391,1
733,0,0,45072.0,3,284,0,16,67,442,1
734,0,0,89694.0,2,1472,3,14,42,478,2
735,0,1,72025.0,0,1677,4,26,66,247,2
736,0,1,67432.0,1,1335,0,19,42,643,2
737,0,1,70545.0,1,334,0,13,63,301,1
738,1,1,17487.0,1,18,0,4,26,654,3
739,0,1,62882.0,1,1338,0,20,46,845,2
740,0,0,64108.0,1,1099,0,30,62,649,2
741,0,1,34941.0,2,97,0,8,59,577,1
742,0,0,48767.0,3,63,0,9,65,365,1
743,0,1,38702.0,1,109,0,9,37,723,1
744,0,1,82224.0,0,902,1,21,51,341,2
745,0,1,83844.0,0,1574,1,20,63,392,2
746,0,1,17003.0,1,38,0,9,40,476,1
747,0,0,71163.0,0,960,0,24,20,120,2
748,0,0,33697.0,1,28,1,4,45,473,1
749,0,1,63564.0,0,1215,2,28,61,337,2
750,0,1,83443.0,0,1497,0,22,43,366,2
751,0,1,51518.0,1,449,0,17,57,662,1
752,0,0,58330.0,1,1064,0,24,40,372,2
753,0,1,80952.0,0,1757,4,25,46,672,2
754,0,1,75507.0,0,1440,0,21,36,330,2
755,0,1,63855.0,0,1006,0,24,37,486,2
756,0,1,62220.0,1,1226,1,23,43,784,2
757,0,1,58512.0,1,1171,0,20,51,469,2
758,0,1,40662.0,1,92,0,8,36,657,1
759,0,1,38829.0,1,99,0,8,56,211,1
760,0,1,35523.0,1,66,0,8,34,662,1
761,0,0,79146.0,2,564,0,19,48,252,1
762,0,1,78285.0,0,1427,0,21,27,430,2
763,0,0,31626.0,1,86,2,6,37,453,1
764,0,0,75127.0,0,833,0,19,63,224,2
765,0,1,48726.0,1,242,0,12,60,614,1
766,0,1,74985.0,0,1869,0,17,38,783,2
767,0,1,67430.0,0,1364,0,29,28,967,2
768,0,1,46891.0,1,183,0,8,50,722,1
769,0,1,62058.0,1,450,0,18,59,585,2
770,0,1,72063.0,1,758,0,21,36,665,2
771,0,1,78939.0,0,1507,0,20,64,385,2
772,0,0,42720.0,2,654,1,25,50,617,2
773,0,1,33622.0,2,81,0,9,43,628,1
774,0,1,6835.0,1,137,0,1,58,872,1
775,0,1,41452.0,2,16,0,4,62,577,1
776,0,0,40760.0,1,93,0,8,50,489,1
777,0,1,74250.0,0,1158,0,18,57,340,2
778,0,0,51124.0,2,43,0,6,60,379,1
779,0,0,72258.0,1,1525,0,22,44,388,2
780,0,0,71466.0,0,1230,0,19,41,242,2
781,0,1,36283.0,2,29,0,6,39,262,1
782,0,0,20587.0,1,25,0,5,45,57,1
783,0,1,30467.0,1,24,0,4,43,288,1
784,0,1,31590.0,1,38,0,5,43,562,1
785,1,1,20425.0,1,57,0,7,29,794,3
786,0,1,17144.0,2,47,0,12,55,320,1
787,0,0,42564.0,1,813,2,24,47,699,2
788,0,1,43783.0,1,629,1,22,37,217,2
789,0,0,40780.0,1,377,0,17,39,875,1
790,0,1,62847.0,0,1612,0,14,70,716,2
791,0,1,82017.0,0,729,4,17,58,904,2
792,0,0,16813.0,0,50,1,6,65,531,1
793,0,1,51267.0,2,270,0,15,37,429,1
794,0,0,46524.0,1,177,0,9,54,607,1
795,0,0,45183.0,0,315,1,13,53,711,2
796,0,1,70421.0,1,767,0,23,61,187,2
797,0,0,60161.0,1,1071,0,26,50,800,2
798,0,1,73926.0,0,1580,0,24,42,697,2
799,0,1,19329.0,1,60,0,10,47,383,1
800,0,1,61872.0,1,573,0,21,45,384,2
801,0,0,46984.0,2,41,0,5,59,646,1
802,0,1,34838.0,2,170,0,10,64,712,1
803,0,0,82716.0,0,1167,0,28,71,600,2
804,0,1,48192.0,0,1526,4,25,57,576,2
805,0,1,49681.0,2,458,0,21,39,630,1
806,0,1,56850.0,1,63,0,6,44,284,1
807,0,1,55267.0,1,405,0,17,58,437,1
808,0,1,59666.0,2,1027,1,20,43,650,2
809,0,0,72504.0,1,1478,0,22,43,576,2
810,0,1,26872.0,0,72,0,5,34,442,1
811,0,0,21359.0,1,48,1,7,43,621,1
812,0,0,73170.0,0,726,0,16,40,215,2
813,0,1,52750.0,1,860,0,27,60,639,2
814,0,1,91820.0,0,1497,0,22,29,404,2
815,0,1,65968.0,1,495,0,18,45,27,1
816,0,1,30772.0,2,20,0,4,39,29,1
817,0,0,22507.0,0,570,0,19,61,768,2
818,0,1,65685.0,1,769,0,21,43,278,2
819,0,1,25804.0,1,55,0,7,37,722,1
820,0,0,76412.0,0,1808,3,18,35,606,2
821,0,1,22063.0,1,55,0,7,43,511,1
822,0,0,57091.0,0,577,2,18,54,200,2
823,0,1,22419.0,0,162,0,8,52,623,1
824,0,1,87771.0,1,1957,5,20,56,589,2
825,0,0,78353.0,1,1576,0,24,56,625,2
826,0,1,93404.0,3,1616,2,17,61,545,2
827,0,0,37859.0,3,36,0,6,53,396,1
828,0,0,80995.0,1,1482,0,22,57,422,2
829,0,1,16529.0,1,22,0,5,31,363,1
830,0,0,55412.0,2,63,0,6,39,405,1
831,0,0,48789.0,0,680,0,18,23,814,2
832,0,1,56575.0,2,542,0,20,48,606,1
833,0,1,25130.0,1,50,0,7,35,690,1
834,0,1,35441.0,2,39,0,6,48,686,1
835,0,1,71391.0,1,1043,0,28,59,643,2
836,0,0,49494.0,1,385,0,14,43,616,1
837,0,0,81702.0,0,1633,0,27,35,830,2
838,0,0,45889.0,1,46,0,5,35,693,1
839,0,0,56628.0,1,761,1,20,38,286,2
840,0,1,34026.0,2,76,0,9,65,603,1
841,0,1,40049.0,1,290,0,14,41,763,1
842,0,0,34176.0,1,89,0,11,27,27,1
843,0,1,19419.0,1,70,0,11,34,812,1
844,0,1,82504.0,0,1066,0,17,55,523,2
845,0,1,81205.0,0,2009,4,19,45,353,2
846,0,0,61618.0,0,1345,0,19,24,824,2
847,0,0,55284.0,1,764,0,23,59,738,2
848,0,0,49980.0,1,195,0,11,52,435,1
849,0,1,15072.0,2,53,0,11,35,453,1
850,0,0,49166.0,1,368,0,13,41,567,1
851,0,1,65324.0,1,544,0,20,61,61,2
852,0,1,82347.0,0,1853,2,25,58,934,2
853,0,1,30843.0,2,35,1,6,49,220,1
854,0,1,46374.0,1,446,3,18,41,290,2
855,0,0,60474.0,1,1180,0,31,36,727,2
856,0,1,38576.0,1,41,0,5,42,273,1
857,0,1,55357.0,2,727,0,22,30,681,1
858,0,1,37758.0,2,40,0,6,49,996,1
859,0,1,85710.0,0,1062,1,26,26,606,2
860,0,1,23228.0,1,40,0,7,46,340,1
861,0,1,44602.0,2,292,0,17,46,320,1
862,0,1,7500.0,0,15,0,4,28,487,1
863,0,1,38683.0,1,341,0,17,26,996,1
864,0,0,49514.0,1,369,0,13,40,380,1
865,0,1,57906.0,1,401,0,17,42,421,1
866,0,0,43456.0,1,393,0,17,49,646,1
867,0,0,19485.0,2,10,0,4,29,464,1
868,0,1,53172.0,1,486,0,16,37,575,1
869,0,1,30545.0,1,69,0,7,36,806,1
870,0,1,70123.0,0,1727,2,17,32,460,2
871,0,0,62450.0,1,995,1,16,56,214,2
872,0,1,21675.0,1,45,0,10,39,56,1
873,0,0,42395.0,2,182,0,12,34,272,1
874,0,1,61346.0,1,989,0,23,37,570,2
875,0,1,80812.0,0,1677,3,18,62,471,2
876,0,0,42835.0,2,595,0,23,44,550,1
877,0,1,39922.0,1,156,0,9,32,686,1
878,0,0,86424.0,0,1226,0,28,59,242,2
879,0,1,17117.0,1,128,0,11,37,714,1
880,0,0,24762.0,1,86,2,9,43,91,1
881,0,1,35797.0,1,68,0,7,40,807,1
882,0,0,36627.0,2,16,0,4,40,527,1
883,0,1,51111.0,2,55,0,7,34,196,1
884,0,0,86857.0,0,2114,1,22,43,753,2
885,0,1,82072.0,0,2018,0,19,45,693,2
886,0,0,46231.0,3,263,0,15,62,766,1
887,0,1,42243.0,2,55,0,7,56,415,1
888,0,1,51195.0,2,564,0,24,53,727,1
889,0,0,68092.0,0,1281,0,20,37,381,2
890,0,1,31814.0,1,83,1,7,42,486,1
891,0,0,51390.0,2,353,0,18,50,875,1
892,0,1,76630.0,0,1003,0,25,32,352,2
893,1,0,26868.0,1,14,0,4,24,246,3
894,0,0,48948.0,0,902,2,24,72,729,2
895,0,0,55260.0,1,1139,0,25,43,750,2
896,0,1,64090.0,1,797,1,20,59,542,2
897,0,0,78331.0,1,1638,0,25,57,343,2
898,0,1,37087.0,1,401,0,17,41,419,1
899,0,0,21846.0,1,84,0,11,29,436,1
900,0,1,81320.0,0,928,0,18,57,578,2
901,0,0,54137.0,1,203,0,11,45,503,1
902,0,1,66825.0,0,858,0,16,48,536,2
903,0,1,57100.0,0,409,0,13,42,629,1
904,0,1,58917.0,3,282,0,16,46,648,1
905,0,0,85072.0,0,1423,0,18,38,119,2
906,0,0,86429.0,0,1449,2,18,54,406,2
907,0,0,45684.0,1,28,0,4,44,688,1
908,0,1,47889.0,1,67,0,6,41,275,1
909,0,1,45921.0,0,199,0,10,29,90,1
910,0,0,78420.0,0,1453,0,22,49,551,2
911,0,1,75114.0,0,1253,0,19,23,539,2
912,0,0,52278.0,1,1198,1,31,52,706,2
913,0,1,35641.0,1,178,1,10,43,536,1
914,0,0,95529.0,0,1990,2,18,21,1025,2
915,0,1,62820.0,0,976,0,14,61,422,2
916,0,1,73113.0,0,1001,0,15,55,371,2
917,0,1,84169.0,0,1919,3,20,33,542,2
918,0,0,42607.0,1,350,0,14,61,410,1
919,0,0,74637.0,0,1650,1,25,61,593,2
920,0,1,46015.0,2,46,2,5,60,263,1
921,0,0,72354.0,0,1228,0,19,22,624,2
922,0,0,39858.0,1,95,1,7,46,707,1
923,0,1,34469.0,2,62,0,9,67,271,1
924,0,1,83033.0,1,1761,1,26,29,228,2
925,0,1,24401.0,0,467,0,16,36,853,1
926,0,1,77583.0,0,1149,1,19,37,91,2
927,0,0,74116.0,0,2052,1,19,33,367,2
928,0,0,74293.0,0,1127,0,16,22,271,2
929,0,1,68397.0,1,1416,0,21,39,410,2
930,0,1,79632.0,0,1113,0,20,41,150,2
931,0,0,46107.0,1,125,0,7,26,91,1
932,0,0,64950.0,1,966,1,25,64,754,2
933,1,1,25443.0,1,32,0,5,26,740,3
934,0,0,75127.0,0,833,0,19,63,224,2
935,0,1,32892.0,1,46,0,8,44,221,1
936,0,1,71796.0,0,960,0,17,44,434,2
937,0,1,67536.0,1,1829,1,30,45,589,2
938,0,0,55239.0,1,779,0,26,44,536,2
939,0,0,60554.0,1,811,0,23,40,480,2
940,0,0,64831.0,2,1120,0,22,63,452,2
941,0,1,56067.0,1,725,0,20,53,530,2
942,0,0,82025.0,0,1187,2,12,32,583,2
943,0,1,94384.0,0,2302,4,18,62,638,2
944,1,0,14906.0,0,66,0,9,29,740,3
945,0,1,51563.0,0,1250,2,19,28,1087,2
946,0,1,57937.0,1,683,0,20,33,319,1
947,0,0,68274.0,2,305,0,13,36,458,1
948,0,1,39771.0,1,50,0,6,38,568,1
949,0,0,67893.0,1,995,0,16,40,1087,2
950,0,1,27922.0,1,41,0,6,36,88,1
951,0,1,52190.0,2,77,1,9,39,149,1
952,0,0,44051.0,2,171,1,12,42,702,1
953,0,0,42767.0,2,131,0,7,44,422,1
954,0,1,46106.0,2,54,0,5,39,57,1
955,0,1,16927.0,2,53,0,12,39,456,1
956,0,1,59754.0,1,475,1,16,50,1085,2
957,0,0,53700.0,1,694,0,22,63,867,2
958,0,1,59041.0,2,96,0,8,42,180,1
959,0,0,54237.0,1,361,0,16,58,614,1
960,0,0,70647.0,1,1079,0,26,48,832,2
961,0,0,52597.0,1,578,0,20,53,180,1
962,0,1,41021.0,1,64,1,7,46,732,1
963,0,1,40233.0,1,149,0,13,40,444,1
964,0,1,50183.0,2,231,0,17,35,190,1
965,0,1,54753.0,1,728,0,21,56,388,2
966,0,1,92955.0,0,1778,3,23,42,500,2
967,0,1,33471.0,1,93,0,10,42,752,1
968,0,1,34596.0,1,23,1,4,41,628,1
969,0,1,44010.0,1,662,0,24,35,810,2
970,0,1,84219.0,0,1198,0,18,27,333,2
971,0,1,40706.0,3,81,0,11,47,714,1
972,0,1,15716.0,1,92,0,10,27,751,1
973,0,0,59052.0,1,491,0,18,56,410,1
974,0,1,80573.0,0,1564,0,24,44,809,2
975,0,1,83715.0,0,926,0,24,53,305,2
976,0,1,82576.0,0,1910,1,19,56,1089,2
977,0,1,56962.0,3,411,0,21,50,417,1
978,0,1,35704.0,2,94,0,9,63,306,1
979,0,1,53103.0,1,1085,1,28,61,388,2
980,0,0,46779.0,2,23,0,4,55,390,1
981,0,0,4861.0,0,6,0,0,50,193,1
982,0,0,33462.0,1,54,0,6,36,542,1
983,0,0,63693.0,1,1150,0,29,37,444,2
984,0,1,80763.0,0,1415,3,23,65,504,2
985,0,1,65352.0,1,405,0,16,41,498,1
986,0,1,82170.0,0,1908,0,19,37,402,2
987,0,1,75759.0,0,2486,4,26,46,433,2
988,0,0,79689.0,0,1315,0,27,39,392,2
989,0,0,35340.0,2,45,0,7,59,186,1
990,0,0,85683.0,0,1789,5,17,61,286,2
991,0,1,24884.0,1,19,0,4,43,763,1
992,0,1,42021.0,1,573,1,22,34,853,2
993,0,0,64449.0,1,805,0,24,26,317,2
994,0,0,64587.0,2,108,0,8,61,193,1
995,0,0,34824.0,0,23,0,4,20,281,1
996,0,1,75437.0,0,1493,1,23,37,477,2
997,0,1,26091.0,2,89,0,9,58,310,1
998,0,1,52845.0,1,936,1,25,42,506,2
999,0,0,46086.0,1,343,0,16,59,661,1
1000,0,0,78028.0,1,528,3,20,59,814,2
1001,0,0,95169.0,0,1901,3,12,28,478,2
1002,0,1,56337.0,2,724,3,22,34,645,2
1003,0,1,22434.0,1,58,0,7,28,687,1
1004,0,1,36930.0,1,297,0,16,61,594,1
1005,0,0,36130.0,1,488,2,21,61,698,2
1006,0,1,65569.0,1,859,0,23,62,965,2
1007,0,1,83844.0,0,1574,1,20,63,392,2
1008,0,1,19514.0,2,69,1,10,47,340,1
1009,0,0,36736.0,2,17,0,4,52,453,1
1010,0,1,77568.0,1,2194,3,21,36,859,2
1011,0,1,49187.0,1,116,0,8,39,61,1
1012,0,0,30168.0,1,279,0,18,37,547,1
1013,0,1,34053.0,1,103,0,7,47,814,1
1014,0,1,38196.0,2,44,0,9,44,258,1
1015,0,1,59412.0,0,406,0,15,64,257,2
1016,0,1,70924.0,0,1363,1,20,50,181,2
1017,0,1,54165.0,0,236,0,11,46,583,1
1018,0,1,32300.0,1,39,0,5,42,671,1
1019,0,0,20180.0,0,137,0,8,39,680,1
1020,0,1,34961.0,1,79,0,10,42,196,1
1021,0,1,28440.0,1,63,0,6,41,543,1
1022,0,1,64504.0,3,1314,1,25,62,638,2
1023,0,1,33564.0,1,71,0,6,49,191,1
1024,0,1,17345.0,1,58,0,7,37,1026,1
1025,0,1,56320.0,1,702,0,21,48,515,2
1026,0,0,28647.0,1,94,2,7,37,498,1
1027,1,0,15038.0,1,80,0,7,28,702,3
1028,0,0,32173.0,1,22,0,5,57,723,1
1029,0,1,68316.0,1,1211,0,32,51,995,2
1030,0,1,74538.0,0,1461,2,22,44,551,2
1031,0,0,91700.0,0,1968,1,20,44,714,2
1032,0,1,68695.0,0,1091,0,16,46,190,2
1033,0,1,31056.0,1,55,0,5,38,709,1
1034,0,1,79593.0,0,1366,1,19,42,27,2
1035,0,0,28071.0,0,313,0,13,35,855,1
1036,0,1,37334.0,2,62,0,11,57,309,1
1037,0,0,46423.0,2,92,0,9,43,470,1
1038,0,1,37126.0,1,72,2,6,44,277,1
1039,0,1,47703.0,1,655,0,21,62,582,2
1040,0,1,61180.0,1,704,1,18,56,253,2
1041,0,1,38998.0,2,54,0,8,61,1026,1
1042,0,0,8028.0,0,178,0,16,24,835,1
1043,0,1,76081.0,0,1033,1,14,53,223,2
1044,0,1,34728.0,1,36,1,5,29,520,1
1045,0,0,33168.0,1,122,0,10,50,810,1
1046,0,1,33585.0,1,122,0,7,49,463,1
1047,0,1,77037.0,1,1123,0,27,55,445,2
1048,0,1,35196.0,1,497,1,18,31,779,1
1049,0,1,44529.0,1,691,1,25,49,604,2
1050,0,1,70924.0,0,1363,1,20,50,181,2
1051,0,1,28764.0,2,12,1,4,49,240,1
1052,0,1,69098.0,0,2440,0,25,66,684,2
1053,0,0,25959.0,2,56,1,7,45,686,1
1054,0,1,27100.0,1,37,0,5,32,607,1
1055,0,0,70596.0,0,968,0,21,30,966,2
1056,0,1,42557.0,1,270,0,15,41,855,1
1057,0,1,53312.0,0,278,0,12,64,480,1
1058,0,0,72228.0,0,1250,0,22,63,765,2
1059,0,1,67605.0,0,938,0,17,28,641,2
1060,0,1,62845.0,2,1178,1,28,66,1087,2
1061,0,1,65196.0,2,1155,1,26,57,525,2
1062,0,0,42000.0,0,653,1,20,28,457,2
1063,0,0,35860.0,2,49,1,6,42,227,1
1064,0,1,65526.0,1,506,0,17,51,58,1
1065,0,1,16860.0,2,38,0,8,54,753,1
1066,0,0,83528.0,0,1650,3,23,23,361,2
1067,0,0,64176.0,1,1826,0,33,50,1029,2
1068,0,0,22304.0,0,18,0,4,59,998,1
1069,0,1,67023.0,0,906,0,24,37,273,2
1070,0,1,32892.0,1,46,0,8,44,221,1
1071,0,1,70713.0,1,1477,0,25,49,1025,2
1072,0,1,59925.0,1,766,0,23,60,762,2
1073,0,1,39722.0,1,47,0,7,62,311,1
1074,0,1,46610.0,0,467,0,14,57,532,1
1075,0,1,88347.0,0,2116,1,21,54,665,2
1076,0,1,87171.0,0,1298,2,25,34,726,2
1077,0,1,26907.0,2,22,0,6,39,499,1
1078,0,0,50014.0,1,396,0,15,47,344,1
1079,0,1,41014.0,1,20,0,4,37,619,1
1080,0,0,66294.0,0,967,0,13,50,290,2
1081,0,1,36715.0,1,357,1,19,44,775,1
1082,0,1,79456.0,0,1401,1,16,59,862,2
1083,0,1,40479.0,1,15,0,4,33,502,1
1084,0,0,75345.0,0,2087,2,20,45,698,2
1085,0,1,54233.0,1,981,0,26,38,639,2
1086,0,0,24163.0,2,17,0,6,45,387,1
1087,0,1,84460.0,0,523,5,22,57,640,2
1088,0,1,43776.0,1,23,0,4,32,302,1
1089,0,0,71691.0,0,1192,1,17,57,290,2
1090,0,1,85844.0,0,1958,1,20,42,217,2
1091,0,0,39190.0,1,133,0,9,41,250,1
1092,0,1,71367.0,0,777,0,17,56,496,2
1093,0,0,38578.0,2,73,0,9,43,558,1
1094,0,1,57236.0,2,121,0,10,50,29,1
1095,0,0,61825.0,1,424,0,15,36,542,1
1096,0,0,79803.0,1,868,0,13,57,329,2
1097,0,0,80910.0,0,756,0,15,29,792,2
1098,0,1,27590.0,1,12,0,4,33,618,1
1099,0,1,56775.0,1,937,0,25,36,699,2
1100,0,0,83829.0,0,1862,4,17,40,509,2
1101,0,1,54210.0,1,367,0,14,36,591,1
1102,0,1,38508.0,1,443,0,20,29,692,1
1103,0,1,53187.0,1,267,0,13,45,432,1
1104,0,1,30023.0,1,61,0,6,43,283,1
1105,0,0,76045.0,0,1323,1,21,55,412,2
1106,0,1,50870.0,1,63,0,6,63,196,1
1107,0,1,15315.0,0,64,0,8,45,664,1
1108,0,1,65463.0,1,562,1,19,41,336,2
1109,0,1,66480.0,2,312,0,19,50,215,1
1110,0,0,76773.0,0,1156,0,16,61,675,2
1111,0,0,81698.0,0,1104,2,16,32,728,2
1112,0,0,54466.0,2,16,0,4,42,121,1
1113,0,0,98777.0,0,2008,1,19,55,318,2
1114,0,0,16269.0,1,44,0,9,31,489,1
1115,0,1,71819.0,1,1574,2,14,44,491,2
1116,0,1,33569.0,1,63,2,5,32,442,1
1117,0,1,36262.0,0,426,2,12,32,468,1
1118,1,1,22634.0,0,96,0,6,49,715,3
1119,0,1,47025.0,1,635,0,23,37,388,2
1120,0,0,70566.0,1,757,0,22,47,570,2
1121,0,1,31605.0,1,125,0,9,36,770,1
1122,0,0,52034.0,2,332,0,16,42,594,1
1123,0,0,48526.0,1,135,0,8,36,373,1
1124,0,1,46734.0,1,330,0,14,61,774,1
1125,0,0,39552.0,2,384,1,20,53,744,1
1126,0,0,86358.0,2,1722,0,18,49,876,2
1127,0,1,46931.0,3,78,0,7,38,252,1
1128,1,0,16581.0,0,24,0,4,30,396,3
1129,0,0,63998.0,0,1168,1,25,63,377,2
1130,0,1,67381.0,1,957,1,17,64,716,2
1131,0,0,25930.0,2,15,0,4,48,448,1
1132,0,1,42693.0,1,57,0,5,37,179,1
1133,0,1,85606.0,1,1956,1,24,39,751,2
1134,0,0,72903.0,0,2013,4,21,30,429,2
1135,0,1,49669.0,1,326,0,14,41,222,1
1136,0,1,36778.0,2,77,0,9,47,968,1
1137,0,0,85696.0,0,1313,1,20,53,667,2
1138,0,0,10979.0,0,30,0,8,26,224,1
1139,0,1,49678.0,1,315,0,14,54,698,1
1140,0,1,56129.0,1,660,0,22,62,560,2
1141,0,1,37155.0,1,74,0,7,26,700,1
1142,0,0,21282.0,1,46,0,7,37,57,1
1143,0,0,33419.0,1,86,0,8,53,502,1
1144,0,0,63285.0,0,1103,0,25,70,600,2
1145,0,1,21255.0,1,61,0,11,41,345,1
1146,0,1,42162.0,1,145,2,9,34,408,1
1147,0,1,54450.0,2,684,0,31,59,839,2
1148,0,1,57744.0,1,411,0,16,61,386,1
1149,0,0,26576.0,1,27,2,4,29,810,1
1150,0,0,57513.0,0,1060,0,27,72,573,2
1151,0,1,68142.0,1,1459,0,24,51,855,2
1152,0,1,7500.0,1,18,0,4,36,855,1
1153,0,1,83145.0,0,1833,2,26,41,831,2
1154,0,1,54197.0,1,237,0,12,55,303,1
1155,0,0,23091.0,2,48,0,10,52,218,1
1156,0,1,46049.0,2,515,1,26,39,529,2
1157,0,1,56715.0,0,1020,0,15,41,964,2
1158,0,1,79410.0,0,1370,0,11,54,217,2
1159,0,1,57304.0,1,1026,0,25,64,424,2
1160,0,1,44375.0,1,301,0,12,50,284,1
1161,0,1,54450.0,2,684,0,31,59,839,2
1162,0,1,59594.0,1,499,1,17,50,803,2
1163,0,1,80685.0,0,1004,0,21,21,862,2
1164,0,1,40344.0,1,218,0,12,41,445,1
1165,0,1,62710.0,1,606,0,22,43,588,2
1166,0,1,48985.0,1,75,0,6,47,604,1
1167,0,1,35322.0,3,106,0,9,47,862,1
1168,0,1,77142.0,0,990,0,17,67,582,2
1169,0,0,81657.0,0,1097,0,16,46,344,2
1170,1,1,14421.0,0,16,1,4,19,318,3
1171,0,1,20130.0,0,34,0,5,41,290,1
1172,0,1,74214.0,0,1711,0,16,25,858,2
1173,0,1,66726.0,2,438,1,17,58,31,1
1174,1,1,23724.0,1,75,0,7,36,518,3
1175,0,1,47353.0,1,225,0,13,55,414,1
1176,0,1,33444.0,2,18,0,4,63,1026,1
1177,0,1,54386.0,1,470,0,17,34,594,1
1178,0,0,28510.0,2,91,0,9,34,628,1
1179,0,0,90638.0,0,2525,1,18,24,322,2
1180,0,1,48070.0,1,504,0,19,65,718,2
1181,0,1,43140.0,1,235,0,11,58,610,1
1182,0,0,54959.0,1,1232,2,21,54,712,2
1183,1,0,15056.0,2,88,0,12,57,667,3
1184,0,0,26954.0,1,17,0,4,44,149,1
1185,0,0,22327.0,1,24,0,5,30,692,1
1186,0,1,44393.0,2,60,0,7,50,497,1
1187,0,0,62000.0,1,1020,1,26,63,494,2
1188,0,1,31497.0,1,155,0,10,53,933,1
1189,0,1,45894.0,2,51,0,5,41,308,1
1190,0,0,78579.0,0,1812,1,16,45,740,2
1191,0,0,67369.0,1,1461,3,25,46,775,2
1192,0,0,58401.0,1,96,0,6,55,256,1
1193,0,0,62307.0,1,160,0,9,63,318,1
1194,0,1,43641.0,2,139,0,10,46,619,1
1195,0,0,63841.0,1,908,0,22,47,620,2
1196,0,1,46891.0,1,183,0,8,50,722,1
1197,0,1,70091.0,1,1161,1,19,46,641,2
1198,0,1,78075.0,0,988,0,14,43,242,2
1199,0,0,59184.0,1,1072,0,27,54,844,2
1200,0,1,54809.0,2,174,0,12,38,418,1
1201,0,1,58113.0,1,758,0,22,56,706,2
1202,0,1,51412.0,1,195,0,11,57,366,1
1203,0,0,15287.0,1,31,2,6,36,813,1
1204,0,1,66636.0,0,1084,0,17,58,502,2
1205,0,1,50965.0,1,685,1,22,59,680,2
1206,0,1,84618.0,0,1672,1,26,50,405,2
1207,0,1,18351.0,0,43,0,6,25,429,1
1208,0,1,40451.0,2,49,1,5,58,319,1
1209,0,1,36317.0,1,133,0,9,50,589,1
1210,0,1,42213.0,1,363,1,15,58,387,1
1211,0,1,65748.0,1,545,0,18,60,626,2
1212,0,1,77044.0,1,1065,1,31,43,431,2
1213,0,1,74918.0,0,2047,1,21,46,394,2
1214,0,1,56721.0,2,296,0,15,43,792,1
1215,0,0,42160.0,2,140,1,11,40,552,1
1216,0,0,61559.0,1,530,0,17,50,533,1
1217,0,1,33629.0,2,152,0,13,52,876,1
1218,0,1,68682.0,0,1598,0,24,24,570,2
1219,0,0,34377.0,1,114,0,8,52,712,1
1220,1,0,8940.0,1,101,0,10,29,862,3
1221,0,1,26228.0,1,25,0,4,42,466,1
1222,0,0,77297.0,0,789,1,22,58,705,2
1223,0,1,40211.0,2,87,1,7,34,520,1
1224,0,0,33438.0,2,90,0,11,57,466,1
1225,0,1,75032.0,1,1215,0,20,56,613,2
1226,0,0,61284.0,0,811,1,22,60,387,2
1227,0,1,22518.0,1,61,2,7,29,801,1
1228,0,1,54730.0,1,405,0,18,40,504,1
1229,0,1,38452.0,2,72,0,9,60,277,1
1230,0,0,44421.0,2,189,0,14,44,685,1
1231,0,1,38197.0,1,40,0,5,29,551,1
1232,0,0,41986.0,1,63,0,10,37,121,1
1233,0,1,28427.0,1,52,0,7,32,651,1
1234,0,1,37395.0,1,39,0,5,39,330,1
1235,0,1,64722.0,1,805,0,25,44,220,2
1236,0,1,55249.0,1,130,0,8,59,259,1
1237,0,1,84906.0,0,1631,3,24,43,631,2
1238,0,1,28691.0,1,34,0,5,26,634,1
1239,0,0,44213.0,2,152,0,12,63,398,1
1240,1,0,25707.0,1,21,0,5,31,348,3
1241,0,1,59062.0,3,71,0,7,48,662,1
1242,0,0,76624.0,1,899,1,23,53,222,2
1243,0,1,66000.0,0,711,0,10,68,256,2
1244,0,1,27683.0,1,351,0,16,37,998,1
1245,0,0,1730.0,0,8,0,15,44,228,1
1246,1,0,7500.0,1,119,0,11,23,1025,3
1247,0,1,40521.0,2,21,0,4,47,607,1
1248,0,1,20427.0,1,10,0,4,42,283,1
1249,0,1,65106.0,1,973,1,27,40,222,2
1250,0,1,69969.0,0,1536,3,13,50,492,2
1251,0,1,67433.0,2,992,1,28,63,534,2
1252,0,1,77766.0,1,1529,2,34,48,678,2
1253,0,1,74716.0,1,860,0,17,43,388,2
1254,0,0,68118.0,1,928,0,23,52,440,2
1255,0,1,55158.0,2,418,1,18,45,885,1
1256,0,1,62972.0,1,587,1,16,60,1029,2
1257,0,1,74190.0,1,641,0,19,40,27,2
1258,0,1,39356.0,2,23,1,4,39,288,1
1259,0,1,76653.0,0,2279,2,23,46,503,2
1260,0,0,35860.0,2,49,1,6,42,227,1
1261,0,0,90687.0,0,1779,2,17,32,589,2
1262,0,1,73450.0,0,1804,2,27,33,599,2
1263,0,1,31454.0,2,48,0,8,55,573,1
1264,0,0,47139.0,2,83,1,7,63,212,1
1265,0,0,83829.0,0,1862,4,17,40,509,2
1266,0,1,53378.0,2,793,1,29,52,829,2
1267,0,1,19656.0,1,84,0,9,45,517,1
1268,0,1,45579.0,1,183,0,10,67,499,1
1269,0,0,85485.0,0,1383,0,19,57,194,2
1270,0,1,55956.0,0,999,1,16,71,181,2
1271,0,0,64191.0,1,825,0,24,52,709,2
1272,0,0,38808.0,1,246,2,14,43,858,1
1273,0,1,57183.0,2,610,0,25,49,653,2
1274,0,0,23748.0,1,76,0,9,47,771,1
1275,0,1,66303.0,1,1286,1,22,44,674,2
1276,0,1,37368.0,1,30,1,4,40,381,1
1277,0,1,40800.0,3,99,0,8,51,730,1
1278,0,0,71847.0,0,1192,1,22,37,832,2
1279,0,1,46149.0,1,362,0,18,40,398,1
1280,0,1,78687.0,0,2130,2,19,32,845,2
1281,0,0,49118.0,0,1229,3,28,44,866,2
1282,0,1,37633.0,2,38,0,6,58,833,1
1283,0,1,39767.0,0,485,0,17,64,529,2
1284,1,1,26997.0,0,434,0,13,64,965,3
1285,0,0,33986.0,1,44,0,5,45,658,1
1286,0,1,57091.0,1,496,2,18,43,769,2
1287,0,1,46831.0,2,78,0,7,46,513,1
1288,0,1,83151.0,0,2346,4,23,43,456,2
1289,0,1,52531.0,0,794,0,21,44,732,2
1290,0,1,15759.0,0,17,0,4,59,602,1
1291,0,0,22804.0,1,26,0,5,44,519,1
1292,0,1,43050.0,1,76,0,8,42,289,1
1293,0,0,42997.0,2,15,0,4,38,538,1
1294,0,0,48918.0,2,62,0,7,52,28,1
1295,0,1,60033.0,1,198,0,10,61,278,1
1296,0,1,34043.0,1,49,0,5,37,433,1
1297,0,1,57811.0,1,802,1,25,49,556,2
1298,0,1,78569.0,0,1736,2,15,69,316,2
1299,0,0,7500.0,2,57,0,10,37,735,1
1300,0,1,157733.0,1,59,0,2,44,635,2
1301,0,1,94384.0,0,2302,4,18,62,638,2
1302,0,1,23148.0,0,37,0,6,30,317,1
1303,0,0,44267.0,2,310,0,16,45,675,1
1304,0,1,71626.0,0,1305,1,19,36,1086,2
1305,0,1,60894.0,1,832,0,26,49,552,2
1306,0,1,50200.0,2,401,0,19,39,668,1
1307,0,1,81051.0,0,1501,2,23,50,223,2
1308,0,1,65169.0,0,1189,5,28,33,352,2
1309,0,1,59868.0,1,1194,0,32,43,528,2
1310,0,1,65695.0,1,656,0,21,55,335,2
1311,0,0,64857.0,0,1540,0,23,59,769,2
1312,0,1,45143.0,1,311,0,15,50,493,1
1313,0,1,74805.0,1,820,0,26,60,569,2
1314,0,1,59060.0,1,274,0,14,26,61,1
1315,0,0,27238.0,2,57,0,9,53,621,1
1316,0,1,47009.0,1,448,0,17,50,721,1
1317,0,1,46094.0,2,44,0,5,42,87,1
1318,0,1,40321.0,2,102,0,8,43,521,1
1319,0,1,37235.0,1,61,0,5,31,364,1
1320,0,1,81843.0,0,1643,0,27,55,619,2
1321,0,1,46692.0,1,397,0,15,57,574,1
1322,0,1,77382.0,1,1121,1,26,47,184,2
1323,0,0,37774.0,2,473,2,16,38,1028,1
1324,1,1,18393.0,1,50,0,8,41,278,3
1325,0,1,72828.0,1,1678,0,28,53,686,2
1326,0,1,24711.0,0,58,0,7,33,258,1
1327,0,1,45503.0,1,170,0,9,40,463,1
1328,0,0,6560.0,0,373,0,2,33,385,1
1329,0,1,71604.0,0,1196,2,17,70,410,2
1330,0,1,27244.0,1,101,0,8,36,182,1
1331,0,1,48752.0,2,316,1,17,46,750,1
1332,0,1,71434.0,1,1400,2,21,53,470,2
1333,0,0,90842.0,0,1424,0,27,67,521,2
1334,0,1,88097.0,1,844,4,20,37,866,2
1335,0,1,51948.0,1,311,0,13,40,471,1
1336,0,1,71853.0,0,1149,0,17,33,514,2
1337,0,1,35876.0,0,129,0,8,32,256,1
1338,0,0,40049.0,1,32,0,5,63,442,1
1339,0,0,39660.0,1,299,1,14,33,876,1
1340,0,1,50127.0,1,320,1,13,53,217,1
1341,0,1,43263.0,1,441,0,16,38,771,1
1342,0,1,62845.0,2,1178,2,28,66,1087,2
1343,0,1,18929.0,0,85,0,6,25,684,1
1344,1,0,24367.0,1,24,0,4,33,652,3
1345,0,0,33249.0,1,112,0,8,40,680,1
1346,0,1,26887.0,1,30,0,5,56,456,1
1347,0,1,50150.0,0,410,0,16,32,560,1
1348,0,1,62061.0,1,800,1,24,39,488,2
1349,0,0,85696.0,0,1313,1,20,53,667,2
1350,0,1,76542.0,0,1483,0,23,59,642,2
1351,0,0,70515.0,0,1258,1,17,22,437,2
1352,0,1,18227.0,1,28,0,4,28,873,1
1353,0,1,69139.0,1,227,0,11,50,339,1
1354,0,1,69109.0,0,1555,2,20,33,842,2
1355,0,0,69627.0,1,861,0,23,53,655,2
1356,0,1,38136.0,1,103,1,8,37,619,1
1357,0,0,62159.0,0,634,0,19,69,248,2
1358,0,0,80695.0,0,1918,0,19,52,368,2
1359,0,0,33316.0,2,131,0,10,44,631,1
1360,0,1,58554.0,2,586,0,22,47,827,1
1361,1,1,17256.0,1,62,1,7,23,404,3
1362,0,0,53034.0,2,447,0,22,41,581,1
1363,0,1,52203.0,0,939,0,27,65,884,2
1364,0,0,59601.0,1,797,1,15,38,525,2
1365,0,0,75154.0,1,1143,1,16,57,997,2
1366,0,0,47025.0,1,415,0,17,39,539,1
1367,0,1,37971.0,1,30,0,5,42,402,1
1368,0,0,41335.0,1,187,0,12,47,371,1
1369,0,1,67267.0,1,251,0,11,57,233,1
1370,0,0,57338.0,1,237,0,12,40,247,1
1371,0,1,50523.0,2,91,0,8,55,372,1
1372,0,0,35791.0,3,35,0,6,50,575,1
1373,0,0,50611.0,1,493,1,22,55,996,2
1374,0,1,56242.0,1,971,0,28,46,669,2
1375,0,0,48904.0,1,371,0,17,55,1054,1
1376,0,0,56243.0,3,396,0,20,40,367,1
1377,0,1,21355.0,1,68,2,7,30,499,1
1378,0,1,57420.0,1,322,1,15,44,555,1
1379,0,1,52247.25135379061,1,317,0,14,45,727,1
1380,0,0,46390.0,1,222,0,10,60,241,1
1381,0,1,54342.0,2,177,0,12,59,665,1
1382,0,1,52247.25135379061,2,45,0,5,57,1028,1
1383,0,0,52247.25135379061,2,21,0,4,51,31,1
1384,0,1,20895.0,1,45,0,6,42,935,1
1385,0,1,92344.0,0,1899,2,20,67,351,2
1386,0,1,52247.25135379061,1,42,0,5,43,332,1
1387,0,1,26907.0,2,22,0,6,39,499,1
1388,0,1,44964.0,2,41,0,5,35,746,1
1389,0,1,75507.0,0,1440,0,21,36,330,2
1390,0,1,53761.0,2,325,0,17,43,417,1
1391,0,1,22682.0,1,95,0,10,42,662,1
1392,0,1,38887.0,1,42,0,5,43,332,1
1393,0,0,41658.0,2,72,0,6,40,842,1
1394,0,1,29791.0,1,20,0,7,43,231,1
1395,0,1,63915.0,2,789,0,23,59,520,2
1396,0,0,39996.0,2,15,0,4,41,224,1
1397,0,0,26759.0,1,59,0,8,43,183,1
1398,0,0,63841.0,1,908,0,22,47,620,2
1399,0,1,51039.0,2,417,0,14,46,811,1
1400,0,1,60544.0,2,289,0,15,54,859,1
1401,0,1,65685.0,1,769,0,21,43,278,2
1402,0,1,37716.0,1,188,0,10,62,255,1
1403,0,0,36864.0,1,354,1,14,58,871,1
1404,0,1,44511.0,1,727,0,26,45,752,2
1405,0,1,36947.0,2,146,0,11,48,907,1
1406,0,1,47352.0,1,319,0,16,64,423,1
1407,0,1,67087.0,1,794,0,22,62,380,2
1408,0,1,57045.0,1,454,0,18,65,875,2
1409,0,0,36957.0,2,152,1,11,62,936,1
1410,0,1,69389.0,1,797,0,22,38,825,2
1411,0,1,80134.0,1,1690,4,16,43,591,2
1412,0,1,43142.0,2,20,0,4,46,317,1
1413,0,1,80589.0,0,1428,2,21,71,344,2
1414,0,0,34412.0,1,209,0,11,25,687,1
1415,0,0,57537.0,1,545,0,19,36,452,1
1416,1,1,22634.0,0,96,0,6,49,715,3
1417,0,1,51315.0,0,222,0,10,67,312,1
1418,0,1,36026.0,3,61,0,7,43,291,1
1419,0,1,24639.0,2,44,0,9,42,338,1
1420,0,1,34578.0,3,8,0,4,43,58,1
1421,0,0,65704.0,0,817,0,23,43,445,2
1422,0,0,63810.0,1,1371,1,23,49,781,2
1423,0,1,54132.0,1,42,0,5,46,319,1
1424,0,1,18690.0,0,60,0,5,56,734,1
1425,0,1,28164.0,1,78,0,9,45,636,1
1426,0,1,34596.0,1,23,0,4,41,628,1
1427,0,1,43269.0,1,19,0,4,43,472,1
1428,0,0,38741.0,2,61,0,7,57,277,1
1429,0,0,31907.0,0,449,0,14,43,638,1
1430,0,1,27100.0,1,37,0,5,32,607,1
1431,0,0,31163.0,1,38,0,5,42,322,1
1432,0,1,92533.0,0,1131,2,23,30,378,2
1433,0,0,34853.0,2,34,0,7,42,374,1
1434,0,0,70844.0,2,294,0,17,48,428,1
1435,0,1,31086.0,2,48,1,6,36,636,1
1436,0,1,60544.0,2,289,0,15,54,859,1
1437,0,1,20491.0,0,30,0,4,29,706,1
1438,0,1,42523.0,0,125,0,7,51,253,1
1439,0,1,39922.0,1,156,0,9,32,686,1
1440,0,1,33402.0,2,70,0,9,63,532,1
1441,0,1,36408.0,2,22,0,4,66,467,1
1442,0,1,21645.0,1,65,1,9,36,1028,1
1443,0,0,78427.0,0,1930,2,23,67,799,2
1444,0,1,82657.0,0,2283,2,23,69,461,2
1445,0,1,51876.0,0,310,0,13,57,443,1
1446,0,1,78041.0,0,1319,0,18,44,746,2
1447,0,1,52852.0,1,879,1,26,58,1085,2
1448,0,1,70038.0,0,1244,0,17,33,433,2
1449,0,1,69401.0,1,690,0,17,42,284,2
1450,0,1,46053.0,1,209,0,12,43,683,1
1451,0,1,77343.0,0,1134,0,17,50,117,2
1452,0,0,73892.0,0,1507,1,23,62,414,2
1453,0,0,40304.0,1,57,0,6,48,458,1
1454,0,1,32727.0,0,529,0,17,50,856,1
1455,0,1,68695.0,0,1091,0,16,46,190,2
1456,0,0,43300.0,1,180,1,11,44,810,1
1457,0,1,26290.0,2,77,0,10,43,396,1
1458,0,0,93790.0,0,2349,4,25,45,30,2
1459,0,1,38410.0,0,534,1,18,41,839,2
1460,0,0,64866.0,1,556,1,21,65,340,2
1461,0,1,57957.0,1,637,0,25,56,500,2
1462,0,1,46015.0,2,46,2,5,60,263,1
1463,0,1,16531.0,1,44,0,9,37,197,1
1464,0,1,28072.0,1,47,0,5,29,512,1
1465,0,0,49476.0,1,795,0,22,52,560,2
1466,0,1,50725.0,1,586,0,21,62,687,2
1467,0,1,83844.0,0,1574,1,20,63,392,2
1468,0,1,41145.0,2,13,0,4,65,152,1
1469,0,1,67419.0,1,1471,0,25,45,715,2
1470,0,1,23162.0,2,65,0,8,45,376,1
1471,0,1,34380.0,1,175,0,12,38,695,1
1472,0,0,34704.0,1,40,0,5,49,614,1
1473,0,1,94871.0,2,1078,3,18,46,1088,2
1474,0,1,65148.0,1,1115,0,21,57,776,2
1475,0,1,39898.0,1,134,0,9,61,395,1
1476,0,0,64857.0,0,1540,0,23,59,769,2
1477,0,1,59892.0,1,87,0,7,45,689,1
1478,0,0,41020.0,0,217,0,10,28,430,1
1479,0,1,57072.0,1,1034,1,27,54,342,2
1480,0,0,60474.0,1,1180,0,31,36,727,2
1481,0,1,62807.0,1,819,0,23,55,853,2
1482,0,1,19414.0,1,32,0,5,34,442,1
1483,0,1,19107.0,1,46,0,6,35,497,1
1484,0,1,75484.0,1,1159,0,18,39,1058,2
1485,0,0,70379.0,1,860,0,25,39,669,2
1486,0,1,79419.0,0,1631,0,15,45,193,2
1487,0,1,64014.0,3,444,1,22,69,87,1
1488,0,1,76998.0,1,1910,1,29,60,426,2
1489,0,1,49854.0,1,380,0,18,43,447,1
1490,0,1,60585.0,2,736,1,30,44,556,2
1491,0,0,42873.0,2,269,0,15,65,710,1
1492,0,1,87679.0,0,2524,4,29,27,523,2
1493,0,1,57867.0,1,612,0,25,37,721,2
1494,0,1,35765.0,1,75,0,8,25,415,1
1495,0,1,65492.0,0,1045,0,26,56,340,2
1496,0,0,32952.0,1,55,0,6,38,719,1
1497,0,1,53374.0,1,1064,2,21,46,868,2
1498,0,1,71706.0,1,1443,0,25,56,779,2
1499,0,1,68487.0,0,1366,0,30,27,718,2
1500,0,1,53253.0,2,436,0,19,40,425,1
1501,0,0,31163.0,1,38,0,5,42,322,1
1502,0,1,42014.0,1,436,1,20,38,867,2
1503,0,1,54108.0,2,747,0,32,42,965,2
1504,0,0,49667.0,0,1396,2,22,60,864,2
1505,0,1,63206.0,0,928,1,14,41,287,2
1506,0,1,57136.0,2,642,0,26,43,481,2
1507,0,1,46772.0,1,1048,1,30,40,904,2
1508,0,1,78931.0,0,943,0,24,44,433,2
1509,0,1,53977.0,1,907,0,27,57,513,2
1510,0,1,84219.0,0,1198,0,18,27,333,2
1511,0,0,46098.0,2,120,0,11,40,866,1
1512,0,1,73538.0,1,1658,0,26,50,767,2
1513,0,1,79529.0,0,1638,0,22,29,249,2
1514,0,1,20981.0,0,73,1,7,38,611,1
1515,0,0,51766.0,1,275,0,12,35,59,1
1516,0,1,55759.0,1,854,0,26,53,764,2
1517,0,1,33039.0,1,78,0,7,37,479,1
1518,0,1,37787.0,1,106,0,7,43,468,1
1519,0,0,27242.0,1,106,1,7,45,781,1
1520,0,0,87188.0,0,1923,1,19,32,666,2
1521,0,1,69930.0,0,1662,0,22,44,585,2
1522,0,0,37697.0,1,84,0,7,39,183,1
1523,0,1,37401.0,1,48,0,7,42,210,1
1524,0,0,3502.0,1,5,0,0,42,628,1
1525,0,1,58597.0,2,733,0,32,39,772,2
1526,0,0,82032.0,0,1234,0,17,67,242,2
1527,0,1,28087.0,2,112,0,9,57,780,1
1528,0,0,74004.0,0,1658,3,15,28,311,2
1529,0,1,19740.0,1,55,0,7,55,648,1
1530,0,1,57036.0,1,1513,1,26,40,780,2
1531,0,1,53083.0,2,271,1,17,57,596,1
1532,0,1,69283.0,1,904,0,27,40,201,2
1533,0,0,46098.0,2,120,1,11,40,866,1
1534,0,1,23331.0,1,103,0,8,27,997,1
1535,0,0,23331.0,1,269,0,17,27,966,1
1536,0,0,9255.0,1,22,0,5,26,377,1
1537,0,0,67786.0,0,1156,1,16,56,538,2
1538,0,1,71969.0,1,1086,1,19,44,807,2
1539,0,0,59235.0,1,1128,0,28,48,396,2
1540,0,1,31928.0,1,72,0,9,26,279,1
1541,0,1,74881.0,2,964,0,27,54,516,2
1542,0,1,65819.0,0,1383,0,20,37,763,2
1543,0,0,51411.0,3,18,0,4,62,585,1
1544,0,0,51983.0,1,793,0,24,51,853,2
1545,0,1,42386.0,1,100,0,7,29,718,1
1546,0,1,30390.0,0,80,0,6,28,691,1
1547,0,0,30983.0,0,167,1,8,52,842,1
1548,0,0,66033.0,1,677,0,20,58,711,2
1549,0,1,37284.0,2,23,0,4,40,643,1
1550,0,0,57530.0,1,92,0,7,64,387,1
1551,0,1,76800.0,0,641,0,16,50,151,2
1552,0,1,63943.0,1,1106,0,17,59,1057,2
1553,0,1,76081.0,0,1033,1,14,53,223,2
1554,0,1,67445.0,1,1174,0,32,41,754,2
1555,0,1,37054.0,2,25,0,6,48,473,1
1556,0,1,47175.0,2,240,2,17,53,795,1
1557,0,0,31859.0,1,20,0,4,39,566,1
1558,0,0,27215.0,3,102,0,11,54,708,1
1559,0,0,70179.0,1,1034,0,26,39,529,2
1560,0,1,39922.0,1,156,0,9,32,686,1
1561,0,1,49681.0,2,458,0,21,39,630,1
1562,0,1,24645.0,1,17,0,4,27,1086,1
1563,0,0,79865.0,1,792,0,21,61,197,2
1564,0,1,44322.0,1,92,0,8,30,199,1
1565,0,0,47958.0,1,407,0,16,63,712,1
1566,0,0,63972.0,1,1269,1,23,51,1054,2
1567,0,1,75315.0,1,841,0,23,61,261,2
1568,0,1,55517.0,2,633,1,23,65,826,2
1569,0,1,75283.0,3,1019,0,25,58,645,2
1570,0,0,82800.0,0,1315,3,26,69,768,2
1571,0,1,38998.0,2,54,0,8,61,1026,1
1572,0,0,90638.0,0,2525,2,18,24,322,2
1573,0,1,27161.0,1,52,0,5,29,430,1
1574,0,1,42014.0,1,436,1,20,38,867,2
1575,0,1,38201.0,1,268,0,15,55,643,1
1576,0,1,45203.0,2,147,1,8,33,284,1
1577,0,1,81574.0,0,1798,2,18,68,248,2
1578,0,1,34935.0,0,137,0,8,23,559,1
1579,0,0,60482.0,1,507,0,17,39,708,1
1580,0,1,34633.0,3,15,0,4,59,343,1
1581,0,1,78093.0,0,1105,0,17,68,415,2
1582,0,0,82460.0,0,974,0,15,65,688,2
1583,0,1,45903.0,1,66,0,8,49,253,1
1584,0,0,81361.0,0,778,1,27,28,310,2
1585,0,0,35860.0,2,49,2,6,42,227,1
1586,0,1,40442.0,2,169,1,12,63,865,1
1587,0,1,61482.0,0,299,0,12,50,188,1
1588,0,1,34968.0,1,221,0,17,35,454,1
1589,0,1,75794.0,0,1682,1,25,28,373,2
1590,0,1,31497.0,1,155,0,10,53,933,1
1591,0,1,74268.0,0,892,0,13,60,686,2
1592,1,1,13724.0,1,58,1,5,27,853,3
1593,0,1,45143.0,1,311,0,15,50,493,1
1594,0,0,52569.0,1,95,0,7,48,242,1
1595,0,0,48432.0,1,424,1,19,42,805,2
1596,0,1,17144.0,2,47,0,12,55,320,1
1597,0,0,36108.0,1,339,1,15,31,443,1
1598,0,1,76445.0,1,1410,0,21,44,825,2
1599,0,1,36663.0,1,35,0,6,40,251,1
1600,0,1,53843.0,1,562,0,20,50,553,2
1601,0,1,90226.0,0,2352,1,24,59,827,2
1602,0,0,70638.0,0,1334,1,20,60,725,2
1603,0,1,44512.0,2,32,0,6,55,489,1
1604,0,1,27116.0,2,41,0,7,54,332,1
1605,0,1,54072.0,2,39,0,5,52,523,1
1606,0,1,71855.0,1,1141,0,25,38,715,2
1607,0,0,51250.0,1,710,1,24,25,642,2
1608,0,1,60432.0,1,401,0,19,42,120,1
1609,0,1,65526.0,1,506,0,17,51,58,1
1610,0,0,68655.0,0,1538,0,21,27,815,2
1611,0,1,12393.0,0,57,0,6,37,994,1
1612,0,0,64509.0,0,1722,2,19,25,502,2
1613,0,0,33955.0,1,270,0,15,40,480,1
1614,0,1,31353.0,2,31,1,6,38,368,1
1615,0,1,55434.0,1,882,0,24,31,601,2
1616,0,1,28359.0,1,16,0,4,32,431,1
1617,0,0,57100.0,1,311,0,14,28,228,1
1618,0,1,69139.0,1,227,0,11,50,339,1
1619,0,1,52973.0,1,1152,0,31,59,873,2
1620,0,1,51717.0,1,122,1,8,50,499,1
1621,0,1,18793.0,1,77,0,9,44,396,1
1622,0,1,66664.0,0,1289,0,19,33,828,2
1623,0,0,50664.0,2,561,0,24,56,715,1
1624,0,1,54414.0,2,211,0,13,52,708,1
1625,0,1,54549.0,1,233,0,12,63,304,1
1626,0,0,47111.0,1,1092,0,21,44,875,2
1627,0,0,41003.0,0,601,0,17,52,655,2
1628,0,1,19444.0,1,54,1,10,33,313,1
1629,0,1,36301.0,1,78,0,7,39,433,1
1630,0,1,73059.0,1,1095,0,26,68,488,2
1631,0,1,42731.0,1,244,0,13,46,437,1
1632,0,1,52854.0,2,116,0,9,56,283,1
1633,0,1,22775.0,1,15,0,4,37,561,1
1634,0,1,46681.0,2,425,0,16,67,509,1
1635,0,1,59821.0,1,734,0,26,60,393,2
1636,0,0,50002.0,1,638,0,19,61,563,2
1637,0,1,69755.0,0,894,0,22,70,690,2
1638,0,1,44078.0,2,41,0,7,46,196,1
1639,0,1,30560.0,1,31,0,5,39,553,1
1640,0,1,35924.0,2,34,0,5,46,284,1
1641,0,0,64140.0,2,1750,4,18,51,465,2
1642,0,1,56386.0,2,612,0,25,34,796,2
1643,1,1,24594.0,1,29,0,5,36,446,3
1644,0,1,75774.0,1,823,0,21,34,330,2
1645,0,0,39228.0,0,20,0,4,55,453,1
1646,0,1,58494.0,1,396,0,16,41,385,1
1647,0,0,58684.0,0,813,1,21,34,199,2
1648,0,0,57136.0,0,1179,1,20,48,593,2
1649,0,0,56551.0,2,138,0,10,65,180,1
1650,0,1,22448.0,1,55,0,9,33,309,1
1651,0,0,82014.0,0,1511,1,22,54,864,2
1652,0,0,34213.0,2,117,1,9,52,906,1
1653,0,1,157146.0,0,1730,0,28,38,612,2
1654,0,0,25358.0,1,32,0,6,68,528,1
1655,0,0,35544.0,1,67,0,6,37,151,1
1656,0,1,36634.0,1,335,0,15,61,583,1
1657,0,1,62670.0,1,825,0,22,61,333,2
1658,0,1,50334.0,1,694,0,23,43,526,2
1659,0,0,72066.0,0,1792,3,17,34,192,2
1660,0,0,50729.0,2,496,0,24,57,695,1
1661,0,1,34916.0,2,231,0,13,47,596,1
1662,0,0,64892.0,1,902,0,24,39,217,2
1663,0,0,43602.0,2,68,0,9,49,92,1
1664,0,0,33996.0,0,71,0,6,26,418,1
1665,0,0,41473.0,1,76,0,6,30,561,1
1666,0,1,63246.0,2,772,0,22,48,499,2
1667,0,1,36732.0,2,47,0,9,56,368,1
1668,0,1,69084.0,1,1586,0,25,45,408,2
1669,0,1,77766.0,1,1529,2,34,48,678,2
1670,0,0,37929.0,0,265,3,13,30,520,2
1671,0,1,86610.0,0,1603,0,18,64,602,2
1672,0,1,80141.0,0,2091,2,22,29,426,2
1673,0,1,72635.0,0,981,1,21,60,666,2
1674,0,1,69016.0,1,1533,0,34,45,770,2
1675,0,1,20193.0,0,82,0,7,24,764,1
1676,0,1,27573.0,1,244,0,14,40,647,1
1677,1,0,15862.0,1,36,0,5,36,553,3
1678,0,1,49544.0,1,404,0,16,39,395,1
1679,0,1,33228.0,1,71,0,6,35,343,1
1680,0,1,70440.0,0,1572,1,23,37,509,2
1681,0,1,38232.0,2,122,0,11,44,349,1
1682,0,1,22554.0,2,41,0,10,60,1026,1
1683,0,1,23536.0,1,10,0,4,32,270,1
1684,0,1,49413.0,1,304,0,13,63,433,1
1685,0,1,42231.0,2,37,0,5,46,282,1
1686,0,0,78789.0,0,1754,1,16,35,876,2
1687,0,1,56534.0,1,815,3,25,47,527,2
1688,0,0,58350.0,1,1001,0,27,44,640,2
1689,0,0,81217.0,0,1157,0,22,26,531,2
1690,0,0,49090.0,1,688,0,21,64,531,2
1691,0,0,61787.0,0,1319,0,19,28,573,2
1692,0,1,18169.0,1,21,0,4,30,681,1
1693,0,0,24336.0,1,31,0,4,34,857,1
1694,0,1,18222.0,0,67,0,6,25,731,1
1695,0,0,62335.0,1,708,0,21,63,588,2
1696,0,1,42033.0,2,25,0,4,44,834,1
1697,0,1,86580.0,0,746,1,11,32,673,2
1698,0,0,41437.0,2,32,0,5,58,831,1
1699,0,0,73705.0,2,1695,0,25,64,243,2
1700,0,1,61064.0,1,1080,0,28,39,853,2
1701,0,1,38452.0,2,72,0,9,60,277,1
1702,0,0,18358.0,1,57,0,10,26,407,1
1703,0,1,55012.0,1,660,0,25,42,286,2
1704,1,1,9722.0,1,103,1,11,42,1056,3
1705,0,1,38175.0,1,153,0,11,31,465,1
1706,0,1,58656.0,1,1220,1,32,59,833,2
1707,0,1,52117.0,1,279,0,13,50,868,1
1708,0,1,64813.0,1,745,0,20,37,334,2
1709,0,1,54222.0,1,264,0,12,42,363,1
1710,0,1,83512.0,0,2157,5,22,29,198,2
1711,0,1,77520.0,1,1526,4,23,56,491,2
1712,0,1,41154.0,1,69,0,6,37,484,1
1713,0,1,80398.0,0,1597,1,26,49,812,2
1714,1,0,18746.0,1,64,0,8,23,217,3
1715,0,1,35196.0,1,497,0,18,31,779,1
1716,0,0,60230.0,1,1067,0,17,59,591,2
1717,0,1,22108.0,2,31,0,7,38,149,1
1718,0,1,44392.0,2,211,0,14,41,602,1
1719,0,1,55424.0,1,877,2,25,39,767,2
1720,0,1,17688.0,1,11,0,4,36,718,1
1721,0,1,92491.0,0,2034,4,25,32,726,2
1722,0,0,90273.0,0,1991,4,19,24,383,2
1723,0,0,82571.0,0,1686,1,24,53,331,2
1724,0,0,38513.0,1,324,1,17,33,338,1
1725,0,0,16653.0,1,69,1,9,36,258,1
1726,0,1,42586.0,2,252,1,16,60,794,1
1727,1,0,23529.0,1,54,0,5,50,549,3
1728,0,1,74881.0,2,964,0,27,54,516,2
1729,0,1,71107.0,1,1327,0,28,64,683,2
1730,0,1,46910.0,2,68,0,7,51,284,1
1731,0,1,18690.0,0,60,0,5,56,734,1
1732,0,0,37244.0,2,55,1,5,60,614,1
1733,0,1,82427.0,0,1456,1,21,49,29,2
1734,0,0,75342.0,1,563,0,18,57,575,2
1735,0,0,70044.0,1,1504,0,26,61,682,2
1736,0,0,79146.0,2,564,0,19,48,252,1
1737,0,1,77437.0,0,1125,1,23,52,401,2
1738,0,1,54984.0,1,358,1,17,56,222,1
1739,0,1,42403.0,1,42,0,5,44,415,1
1740,0,1,55761.0,1,184,1,10,51,252,1
1741,0,1,37292.0,1,460,0,19,32,623,1
1742,0,0,45576.0,0,145,1,8,70,218,1
1743,0,1,70321.0,0,1376,1,25,68,715,2
1744,0,0,58086.0,1,792,0,23,46,711,2
1745,0,1,81795.0,0,1382,0,23,63,797,2
1746,1,1,28389.0,0,28,0,4,68,772,3
1747,0,1,66835.0,0,1033,0,24,69,460,2
1748,0,0,69901.0,1,882,0,23,46,582,2
1749,0,1,80360.0,0,2231,3,15,66,669,2
1750,0,1,63342.0,1,1101,2,19,54,807,2
1751,0,1,44989.0,1,369,0,16,41,753,1
1752,0,0,31859.0,1,48,0,5,35,308,1
1753,0,0,51569.0,1,467,2,19,66,395,2
1754,0,0,30372.0,2,44,0,8,44,737,1
1755,1,0,16014.0,2,38,0,10,36,655,3
1756,0,1,41120.0,2,81,0,9,47,569,1
1757,0,0,39763.0,1,167,1,10,44,633,1
1758,0,1,38725.0,2,45,0,7,60,88,1
1759,0,1,77981.0,1,664,0,21,43,585,2
1760,0,1,62905.0,1,622,0,20,51,449,2
1761,0,0,13533.0,1,48,0,7,36,455,1
1762,0,1,59481.0,1,461,0,16,40,435,1
1763,0,1,72117.0,1,1073,0,26,38,499,2
1764,0,1,21955.0,1,55,0,8,29,541,1
1765,0,1,67131.0,1,976,0,26,59,646,2
1766,0,0,36802.0,1,20,0,5,35,199,1
1767,0,1,71853.0,0,1149,0,17,33,514,2
1768,1,1,28249.0,0,43,0,6,54,200,3
1769,0,1,47808.0,1,224,1,10,40,438,1
1770,0,0,25509.0,1,101,1,9,41,835,1
1771,0,1,51012.0,0,209,0,10,69,623,1
1772,0,0,70596.0,0,968,0,21,30,966,2
1773,0,1,85431.0,0,1165,0,17,63,513,2
1774,0,1,42664.0,1,24,0,5,48,289,1
1775,0,1,42586.0,2,252,1,16,60,794,1
1776,0,0,29760.0,1,165,0,12,30,855,1
1777,0,1,28973.0,0,269,0,13,38,810,1
1778,0,1,39435.0,1,102,0,7,42,572,1
1779,0,1,65370.0,0,461,0,19,31,723,2
1780,1,0,20194.0,1,47,0,7,36,745,3
1781,0,0,42473.0,2,144,0,10,39,318,1
1782,0,1,64590.0,0,1338,0,24,47,809,2
1783,0,1,71232.0,1,917,0,25,56,399,2
1784,0,1,34600.0,2,318,1,17,44,730,1
1785,0,0,46904.0,2,253,0,14,48,1026,1
1786,0,1,49094.0,1,502,0,20,42,832,1
1787,0,1,36075.0,1,119,0,7,32,476,1
1788,0,1,60839.0,2,1250,0,29,36,856,2
1789,0,1,77298.0,1,969,0,24,36,689,2
1790,0,1,34026.0,2,76,0,9,65,603,1
1791,0,0,48918.0,2,62,0,7,52,28,1
1792,0,1,82122.0,0,1382,1,26,53,504,2
1793,0,0,37697.0,1,84,0,7,39,183,1
1794,0,1,34074.0,2,255,1,14,63,537,1
1795,0,1,28520.0,2,43,0,5,55,566,1
1796,0,0,62535.0,1,398,0,14,60,662,1
1797,0,0,36273.0,1,76,0,8,38,260,1
1798,0,1,63404.0,2,902,1,15,51,209,1
1799,0,1,75774.0,1,823,0,21,34,330,2
1800,0,1,78416.0,1,1179,0,26,39,188,2
1801,0,1,75702.0,1,1921,1,29,41,809,2
1802,0,1,59385.0,2,185,0,10,64,613,1
1803,0,0,37070.0,2,433,1,23,49,652,1
1804,0,1,44689.0,2,34,1,6,64,92,1
1805,0,1,53977.0,1,907,0,27,57,513,2
1806,0,0,7144.0,2,416,0,25,49,538,1
1807,0,0,18701.0,2,44,0,10,51,635,1
1808,0,1,90369.0,0,1588,1,17,59,248,2
1809,0,0,63159.0,0,1797,1,17,41,965,2
1810,0,1,37758.0,2,40,0,6,49,996,1
1811,0,0,46757.0,1,1143,0,21,52,776,2
1812,0,1,79734.0,0,914,1,14,46,187,2
1813,0,1,63207.0,0,1502,1,12,23,711,2
1814,0,0,72071.0,1,1338,0,20,61,686,2
1815,0,1,21840.0,1,27,0,5,32,529,1
1816,0,1,58582.0,1,763,1,22,33,460,2
1817,0,0,72282.0,0,1331,1,22,64,531,2
1818,0,1,50387.0,2,525,0,19,59,488,1
1819,0,1,32583.0,2,9,0,4,54,200,1
1820,0,1,62568.0,1,953,1,16,53,181,2
1821,0,0,44635.0,2,68,0,7,44,417,1
1822,0,0,33316.0,2,131,0,10,44,631,1
1823,0,1,63967.0,1,882,0,23,47,480,2
1824,0,1,52513.0,0,1149,0,25,37,997,2
1825,0,1,25293.0,1,37,0,5,46,473,1
1826,0,0,54111.0,1,388,0,15,50,494,1
1827,0,1,78394.0,0,1428,1,16,29,685,2
1828,0,1,80739.0,0,1633,0,24,57,588,2
1829,0,1,22669.0,1,173,1,10,40,589,1
1830,0,0,29236.0,1,99,0,9,28,509,1
1831,0,1,44911.0,1,215,0,12,56,657,1
1832,0,1,54693.0,1,929,0,31,53,683,2
1833,0,1,48186.0,1,219,0,12,41,287,1
1834,0,1,54809.0,2,174,1,12,38,418,1
1835,0,1,41580.0,2,92,0,9,37,811,1
1836,0,1,80336.0,0,1052,0,25,45,479,2
1837,0,1,47743.0,1,275,1,14,58,650,1
1838,0,1,62972.0,1,587,0,16,60,1029,2
1839,0,0,57333.0,1,1662,1,33,61,831,2
1840,0,1,32313.0,1,159,0,11,33,425,1
1841,0,0,84953.0,0,1024,4,18,62,666,2
1842,0,0,27071.0,1,35,0,7,47,253,1
1843,0,1,68148.0,0,1042,0,15,58,488,2
1844,0,1,65735.0,2,395,0,19,50,538,1
1845,0,1,86836.0,0,557,4,23,40,753,2
1846,0,1,4023.0,2,9,0,15,52,192,1
1847,0,1,30093.0,0,69,0,6,25,512,1
1848,0,1,57705.0,1,486,0,18,49,61,1
1849,0,0,25008.0,1,34,0,6,27,333,1
1850,0,0,83257.0,0,1365,3,28,20,835,2
1851,0,1,22280.0,1,13,0,4,40,592,1
1852,0,1,72159.0,0,1401,0,21,37,794,2
1853,0,1,64260.0,0,1574,1,14,54,426,2
1854,0,0,82733.0,0,1323,1,20,31,449,2
1855,0,0,74290.0,1,1217,2,32,44,389,2
1856,0,0,58217.0,3,103,0,7,64,775,1
1857,0,1,21024.0,0,84,0,7,39,634,1
1858,0,1,70116.0,0,1536,0,23,43,705,2
1859,0,1,54006.0,1,581,0,18,30,835,1
1860,0,1,69063.0,1,928,0,14,49,904,2
1861,0,0,11448.0,0,14,0,4,40,382,1
1862,0,0,61825.0,1,424,0,15,36,542,1
1863,0,1,70886.0,1,960,0,14,44,444,2
1864,0,1,69109.0,0,1555,2,20,33,842,2
1865,0,0,60208.0,2,656,2,29,42,905,2
1866,0,1,32889.0,2,55,0,9,47,571,1
1867,0,0,34738.0,1,20,0,5,31,57,1
1868,0,1,30538.0,1,367,0,17,44,1087,1
1869,0,1,82326.0,0,2257,4,22,38,90,2
1870,0,0,26642.0,1,42,0,7,48,363,1
1871,0,0,69932.0,1,1049,0,26,51,391,2
1872,0,0,44503.0,2,48,0,7,43,260,1
1873,0,0,60200.0,1,685,0,25,67,699,2
1874,0,0,49638.0,1,39,0,5,63,257,1
1875,0,0,23830.0,0,43,0,5,28,183,1
1876,0,0,33051.0,0,835,1,21,56,868,2
1877,0,1,72905.0,0,1515,1,20,57,345,2
1878,0,1,69702.0,1,1039,0,26,64,681,2
1879,0,0,70300.0,1,1596,0,26,40,535,2
1880,0,1,70643.0,0,1828,1,18,31,808,2
1881,0,1,30396.0,1,34,2,6,46,246,1
1882,0,0,50616.0,1,149,0,10,47,258,1
1883,0,0,62772.0,1,946,1,23,46,592,2
1884,0,0,30298.0,0,28,0,6,30,227,1
1885,0,0,52413.0,1,450,0,17,31,1026,1
1886,0,1,44155.0,2,46,0,5,58,347,1
1887,0,0,86979.0,0,1702,2,16,44,539,2
1888,0,1,76532.0,2,820,0,25,40,479,2
1889,0,1,42081.0,1,382,1,15,33,674,1
1890,0,1,67546.0,0,2126,0,20,27,853,2
1891,0,1,88420.0,0,2069,3,20,26,330,2
1892,0,1,31158.0,1,72,0,7,30,704,1
1893,0,0,61671.0,1,732,2,28,47,301,2
1894,0,0,69719.0,0,801,0,11,41,220,2
1895,0,0,49160.0,1,236,0,12,66,438,1
1896,1,1,24882.0,1,80,1,5,37,844,3
1897,0,0,90933.0,0,1685,1,15,61,276,2
1898,0,0,113734.0,0,277,0,27,70,218,2
1899,0,1,59292.0,1,507,0,18,65,567,2
1900,0,1,45759.0,2,68,0,7,51,677,1
1901,0,0,22148.0,0,49,0,5,32,263,1
1902,0,1,73395.0,0,397,0,15,28,289,2
1903,0,0,29819.0,1,39,0,9,44,434,1
1904,0,1,45688.0,1,306,1,14,47,341,1
1905,0,1,62820.0,0,976,0,14,61,422,2
1906,0,1,60491.0,1,1028,0,28,44,571,2
1907,0,1,33235.0,1,70,0,7,29,244,1
1908,0,1,35701.0,0,46,0,5,56,653,1
1909,0,1,31535.0,1,51,1,5,35,462,1
1910,0,1,92556.0,0,1263,0,21,55,256,2
1911,0,0,67384.0,1,1490,1,22,45,812,2
1912,0,1,80573.0,0,1564,0,24,44,809,2
1913,0,1,77870.0,1,1815,3,18,48,862,2
1914,0,0,52278.0,1,1198,0,31,52,706,2
1915,0,0,57107.0,1,416,3,23,47,860,2
1916,0,1,18929.0,0,85,0,6,25,684,1
1917,0,0,36038.0,1,47,0,8,34,580,1
1918,0,0,20180.0,0,137,0,8,39,680,1
1919,0,1,34230.0,2,21,0,4,50,736,1
1920,0,0,31878.0,1,70,0,6,38,193,1
1921,0,1,70932.0,1,909,0,22,43,347,2
1922,0,0,91249.0,0,1676,5,22,59,803,2
1923,0,0,77598.0,0,1735,1,26,72,721,2
1924,0,0,80982.0,2,1191,0,30,56,518,2
1925,0,1,22701.0,1,24,0,5,38,602,1
1926,0,1,55212.0,1,1182,2,20,46,769,2
1927,0,1,70617.0,0,1280,0,14,45,557,2
1928,0,0,64849.0,0,1336,1,19,58,779,2
1929,0,1,62694.0,2,749,0,24,50,563,2
1930,0,1,61917.0,2,91,0,7,41,407,1
1931,0,1,67472.0,1,414,0,15,68,460,1
1932,0,1,21059.0,1,44,0,9,33,184,1
1933,0,1,29543.0,2,63,0,8,47,362,1
1934,0,1,75903.0,1,901,0,23,64,515,2
1935,0,1,34984.0,2,38,0,6,40,936,1
1936,0,0,54998.0,1,455,1,20,59,455,2
1937,0,0,54356.0,1,775,1,24,66,773,2
1938,0,1,34242.0,1,15,0,4,56,284,1
1939,0,1,25410.0,1,38,0,6,42,488,1
1940,0,1,73356.0,0,1512,4,22,31,213,2
1941,0,1,28320.0,1,43,0,5,65,717,1
1942,0,0,23763.0,1,42,0,5,38,907,1
1943,0,1,72570.0,0,1089,0,23,31,251,2
1944,0,1,34529.0,1,162,0,9,39,839,1
1945,0,0,70792.0,0,1272,0,19,64,578,2
1946,0,1,63211.0,0,1173,1,20,33,1055,2
1947,0,1,83891.0,1,816,0,22,41,195,2
1948,0,0,36065.0,2,74,0,9,47,641,1
1949,0,1,39898.0,1,134,0,9,61,395,1
1950,0,0,51141.0,0,157,0,9,75,512,1
1951,0,1,56939.0,1,561,0,18,39,470,1
1952,0,0,80872.0,0,1336,0,19,64,27,2
1953,0,1,72335.0,0,2092,1,23,39,871,2
1954,0,0,61798.0,0,463,0,16,51,404,2
1955,0,0,76842.0,0,1130,0,17,65,302,2
1956,0,1,29478.0,1,20,0,5,39,349,1
1957,0,0,46998.0,1,377,1,18,59,801,2
1958,0,0,96843.0,0,1544,2,28,25,618,2
1959,0,0,56551.0,2,138,0,10,65,180,1
1960,0,1,70053.0,1,1012,0,26,50,665,2
1961,0,0,71670.0,0,1766,4,15,53,481,2
1962,0,1,44359.0,2,45,0,9,37,198,1
1963,0,0,40887.0,2,161,1,10,63,575,1
1964,0,0,48877.0,1,144,0,8,49,245,1
1965,0,1,74485.0,0,1734,0,26,68,495,2
1966,0,1,64474.0,1,823,0,22,43,436,2
1967,0,1,77226.0,1,1138,0,28,52,307,2
1968,0,0,72643.0,0,1429,2,21,66,673,2
1969,0,1,85738.0,0,1371,2,21,37,343,2
1970,0,0,55686.0,1,982,1,16,49,686,2
1971,0,0,39062.0,1,44,1,5,32,282,1
1972,0,1,34600.0,2,318,1,17,44,730,1
1973,0,1,40794.0,1,434,0,16,40,546,1
1974,0,1,54690.0,2,198,0,12,44,539,1
1975,0,1,4428.0,1,359,0,25,46,601,1
1976,0,1,32632.0,0,576,0,18,52,1058,2
1977,0,0,38236.0,2,88,0,11,47,468,1
1978,0,1,36781.0,1,63,1,6,36,89,1
1979,0,0,31385.0,1,27,2,4,31,964,1
1980,0,1,24570.0,1,193,0,11,31,673,1
1981,0,0,25509.0,1,101,1,9,41,835,1
1982,0,1,94642.0,0,2211,2,21,64,30,2
1983,0,1,58646.0,1,140,0,8,53,452,1
1984,0,0,53201.0,2,415,0,22,40,395,1
1985,0,1,21994.0,1,22,0,4,58,738,1
1986,0,1,57113.0,2,263,0,16,37,578,1
1987,0,1,51373.0,0,393,0,12,24,558,1
1988,0,1,23477.0,1,147,0,10,29,437,1
1989,0,1,58116.0,1,443,0,16,59,263,1
1990,0,0,72968.0,0,1958,2,19,52,381,2
1991,0,1,39791.0,1,174,0,10,44,644,1
1992,0,0,91712.0,0,2217,2,27,68,441,2
1993,0,0,94472.0,1,1691,2,16,57,303,2
1994,0,1,13672.0,2,25,0,6,55,624,1
1995,0,1,96547.0,0,809,4,21,35,223,2
1996,0,1,79205.0,0,895,2,16,40,855,2
1997,0,1,56559.0,1,484,0,18,40,737,1
1998,0,1,32644.0,1,413,1,18,42,715,1
1999,0,0,67506.0,1,331,0,12,35,334,1
2000,0,0,24206.0,1,25,0,5,45,516,1
2001,0,0,28420.0,1,13,0,4,48,373,1
2002,0,1,22979.0,1,115,1,10,45,936,1
2003,0,0,33279.0,0,16,0,4,49,26,1
2004,0,0,46423.0,2,92,0,9,43,470,1
2005,0,1,30368.0,1,52,0,7,38,539,1
2006,0,1,63684.0,1,1464,0,23,45,766,2
2007,0,0,41638.0,1,441,1,17,51,687,1
2008,0,0,68805.0,1,283,0,12,56,471,1
2009,0,1,65814.0,1,747,0,23,49,332,2
2010,0,0,71964.0,0,1870,0,17,57,591,2
2011,0,0,39146.0,1,165,0,11,29,686,1
2012,0,1,96876.0,0,1941,4,24,38,572,2
2013,1,1,34445.0,0,839,0,27,34,704,3
2014,0,0,68281.0,0,1655,1,25,57,907,2
2015,0,1,37284.0,2,23,0,4,40,643,1
2016,0,1,36790.0,0,66,1,6,32,728,1
2017,0,1,27943.0,2,37,0,8,48,626,1
2018,0,0,22263.0,2,21,0,6,64,277,1
2019,0,1,30261.0,3,22,0,4,43,828,1
2020,0,1,28587.0,1,78,0,9,37,30,1
2021,0,1,43815.0,1,79,0,6,33,607,1
2022,0,1,48195.0,2,265,0,17,59,345,1
2023,0,1,77027.0,1,1175,0,19,63,244,2
2024,0,1,71322.0,1,1305,0,28,50,684,2
2025,0,1,32765.0,1,46,0,8,36,312,1
2026,0,1,29672.0,2,25,0,4,50,394,1
2027,0,0,23272.0,0,46,0,5,62,441,1
2028,0,1,49912.0,1,874,2,26,66,906,2
2029,0,1,7500.0,1,100,0,10,30,1089,1
2030,0,0,68117.0,1,930,2,25,68,455,2
2031,0,1,67225.0,1,868,0,23,60,401,2
2032,0,1,17649.0,1,45,0,9,39,386,1
2033,0,1,55914.0,1,1260,0,29,40,612,2
2034,0,1,40059.0,1,414,1,12,31,460,1
2035,0,1,60905.0,1,392,0,15,65,599,1
2036,0,1,75330.0,2,1109,0,29,38,996,2
2037,0,0,60689.0,1,639,0,22,64,725,2
2038,0,1,38680.0,1,79,0,6,31,644,1
2039,0,1,61416.0,0,1665,1,24,33,517,2
2040,0,0,49767.0,0,692,0,18,24,695,2
2041,0,0,83273.0,3,1392,0,29,45,828,2
2042,0,1,29009.0,1,44,0,7,34,398,1
2043,0,1,45057.0,1,50,0,6,36,719,1
2044,0,1,37150.0,1,467,0,21,44,783,1
2045,0,0,43020.0,1,223,0,12,45,397,1
2046,0,1,53154.0,1,158,0,9,56,117,1
2047,0,1,65308.0,0,1211,2,28,42,418,2
2048,0,0,76467.0,1,1575,1,14,45,867,2
2049,0,1,81044.0,0,1208,0,22,68,370,2
2050,0,1,32871.0,2,43,0,5,64,485,1
2051,0,0,55801.0,2,527,1,21,40,466,1
2052,0,0,76320.0,1,932,0,15,56,193,2
2053,0,0,36927.0,2,71,0,8,60,329,1
2054,0,1,48794.0,2,54,0,5,62,189,1
2055,0,0,23478.0,0,129,0,7,50,653,1
2056,0,0,71128.0,1,1615,0,27,42,935,2
2057,0,0,70179.0,1,1034,0,26,39,529,2
2058,0,1,59462.0,1,1088,0,25,65,610,2
2059,0,1,52247.25135379061,2,721,0,25,46,593,2
2060,0,1,38361.0,1,137,0,10,46,370,1
2061,0,0,52247.25135379061,1,47,0,8,34,580,1
2062,0,1,70038.0,0,1244,0,17,33,433,2
2063,0,1,42554.0,2,41,0,7,37,396,1
2064,0,1,67445.0,1,1174,0,32,41,754,2
2065,0,0,67046.0,1,993,0,15,64,579,2
2066,0,1,42192.0,0,100,0,7,67,571,1
2067,0,1,77610.0,1,1680,0,17,63,794,2
2068,0,1,31761.0,1,98,0,9,31,242,1
2069,0,1,34350.0,1,48,0,5,36,439,1
2070,0,1,54591.0,1,519,0,19,66,603,2
2071,0,1,71866.0,1,715,0,20,59,372,2
2072,0,1,25293.0,1,37,0,5,46,473,1
2073,0,0,42000.0,0,653,1,20,28,457,2
2074,0,1,69520.0,0,1455,0,21,32,543,2
2075,0,0,64713.0,1,602,1,19,45,183,2
2076,0,1,27889.0,1,26,0,5,38,604,1
2077,1,0,22123.0,0,102,0,7,55,280,3
2078,0,1,52247.25135379061,2,97,0,10,44,669,1
2079,0,1,52247.25135379061,1,207,0,11,61,557,1
2080,0,1,27803.0,1,176,0,9,42,858,1
2081,0,0,52247.25135379061,1,450,0,15,60,440,1
2082,0,1,51651.0,1,433,0,17,55,904,1
2083,0,1,68487.0,0,1366,0,30,27,718,2
2084,0,0,52247.25135379061,0,1564,2,22,72,428,2
2085,0,1,56796.0,1,1001,0,27,46,684,2
2086,0,1,87000.0,0,961,0,18,23,747,2
2087,0,1,79823.0,1,1518,1,23,56,276,2
2088,0,0,30828.0,1,56,0,8,35,631,1
2089,0,1,34109.0,1,22,0,4,44,569,1
2090,0,0,53367.0,2,400,1,21,41,488,1
2091,1,1,22390.0,0,26,0,4,46,437,3
2092,0,1,71322.0,1,350,0,13,39,330,1
2093,0,0,79244.0,0,1216,3,22,22,743,2
2094,0,1,49912.0,1,874,2,26,66,906,2
2095,0,1,48699.0,2,40,0,5,65,590,1
2096,0,1,80144.0,0,1367,0,19,40,458,2
2097,0,0,54252.0,2,264,0,15,59,583,1
2098,0,1,81929.0,1,2053,3,20,39,824,2
2099,0,1,76068.0,1,1376,2,10,40,763,2
2100,0,1,53204.0,2,45,0,5,39,287,1
2101,0,1,67911.0,1,976,0,27,66,224,2
2102,0,1,14796.0,1,51,1,6,31,836,1
2103,0,1,78128.0,1,1264,2,20,41,316,2
2104,1,1,14188.0,0,75,0,7,43,672,3
2105,1,1,20425.0,1,57,0,7,29,794,3
2106,0,1,58646.0,1,140,0,8,53,452,1
2107,0,0,72967.0,1,497,2,19,45,747,2
2108,0,1,48150.0,1,266,0,13,66,513,1
2109,0,0,82332.0,0,2006,2,21,54,836,2
2110,0,0,58275.0,2,615,0,23,60,694,2
2111,0,1,44953.0,0,1021,1,24,34,741,2
2112,0,1,34587.0,2,22,0,6,62,230,1
2113,0,1,43018.0,1,133,0,7,41,720,1
2114,0,1,45736.0,1,437,0,19,61,526,1
2115,0,1,66476.0,1,1013,0,26,46,629,2
2116,0,1,27733.0,1,57,0,7,34,493,1
2117,0,1,69805.0,1,1038,0,27,63,345,2
2118,0,0,72217.0,0,1573,0,22,53,454,2
2119,0,0,25818.0,1,28,0,4,44,805,1
2120,0,1,37509.0,1,123,0,9,39,753,1
2121,0,1,25176.0,2,13,0,4,39,450,1
2122,0,1,43586.0,1,132,0,10,35,854,1
2123,0,1,53230.0,1,732,0,23,59,1029,2
2124,0,1,50116.0,2,66,1,7,58,195,1
2125,0,1,84906.0,0,1631,3,24,43,631,2
2126,0,1,61286.0,1,608,0,18,49,692,2
2127,0,1,82333.0,0,1822,2,18,29,642,2
2128,0,1,65220.0,0,1282,1,23,50,1028,2
2129,0,1,33590.0,3,8,0,4,41,661,1
2130,0,0,30992.0,1,43,0,5,39,619,1
2131,0,0,72309.0,0,1931,2,20,39,424,2
2132,0,1,156924.0,0,8,0,0,66,490,2
2133,1,1,16005.0,1,103,0,8,35,870,3
2134,0,0,65487.0,0,1169,0,17,58,92,2
2135,0,1,58692.0,1,395,0,15,50,211,1
2136,0,0,40590.0,2,258,1,15,46,690,1
2137,0,0,20587.0,1,25,0,5,45,57,1
2138,0,0,62637.0,1,185,0,10,61,363,1
2139,0,0,29435.0,2,180,1,11,49,937,1
2140,0,0,19346.0,1,22,0,5,41,336,1
2141,0,1,35788.0,2,44,0,7,44,343,1
2142,0,0,36997.0,2,94,0,12,47,729,1
2143,0,1,23539.0,0,81,0,7,58,307,1
2144,0,0,65333.0,1,798,2,28,42,349,2
2145,0,0,78499.0,0,1334,2,19,58,404,2
2146,0,1,29732.0,1,38,0,5,44,282,1
2147,0,1,41275.0,3,61,0,11,55,283,1
2148,0,1,63516.0,2,300,0,16,42,573,1
2149,0,1,42769.0,1,88,0,8,53,387,1
2150,0,1,49572.0,2,54,0,7,57,382,1
2151,0,1,69209.0,0,1782,1,16,43,836,2
2152,0,1,17148.0,1,68,0,11,39,338,1
2153,0,0,40590.0,2,258,1,15,46,690,1
2154,0,1,30560.0,1,31,0,5,39,553,1
2155,0,1,32146.0,1,66,0,8,32,27,1
2156,0,0,41713.0,2,174,0,13,51,247,1
2157,0,1,34176.0,1,28,0,5,40,344,1
2158,0,1,58482.0,1,731,1,22,60,29,2
2159,0,0,59686.0,1,274,0,12,50,341,1
2160,0,1,60896.0,1,1701,1,26,51,782,2
2161,0,1,62994.0,1,312,0,13,35,273,1
2162,0,1,47320.0,1,414,0,20,58,723,1
2163,0,0,74859.0,0,1565,1,23,66,666,2
2164,1,0,15253.0,1,29,0,6,23,430,3
2165,0,0,31560.0,1,94,0,8,41,556,1
2166,0,0,72071.0,1,1338,0,20,61,686,2
2167,0,0,91172.0,0,1092,5,14,25,645,2
2168,0,1,90000.0,0,1479,3,18,31,374,2
2169,0,0,41967.0,2,54,0,5,34,404,1
2170,0,0,69263.0,1,568,1,18,50,243,2
2171,0,0,65706.0,0,1199,4,27,45,552,2
2172,0,1,60934.0,1,873,0,23,40,349,2
2173,0,1,71965.0,1,1213,0,17,64,521,2
2174,0,1,65210.0,1,731,2,22,60,90,2
2175,0,1,79174.0,0,2043,3,19,40,426,2
2176,0,0,81380.0,0,1893,0,17,48,740,2
2177,0,0,48432.0,1,424,0,19,42,805,1
2178,0,1,52914.0,1,575,1,15,44,549,1
2179,0,1,38946.0,1,257,0,12,60,434,1
2180,0,1,26067.0,1,56,0,9,41,630,1
2181,0,1,44325.0,1,542,1,21,43,547,2
2182,0,1,42523.0,0,125,0,7,51,253,1
2183,1,0,26487.0,1,69,0,9,37,591,3
2184,0,1,53233.0,1,40,0,5,58,289,1
2185,0,1,67716.0,1,1016,1,28,55,457,2
2186,0,1,76234.0,1,907,1,23,43,213,2
2187,0,1,84117.0,0,1566,1,24,59,57,2
2188,0,1,65487.0,0,1169,0,17,58,92,2
2189,1,1,25224.0,1,46,0,7,43,291,3
2190,0,0,89616.0,0,1644,1,25,32,675,2
2191,0,0,40851.0,2,59,0,5,44,679,1
2192,0,1,27469.0,0,17,0,4,68,1058,1
2193,0,1,82347.0,0,1853,3,25,58,934,2
2194,0,1,73803.0,1,1528,2,22,58,1089,2
2195,0,0,8820.0,2,35,0,10,63,650,1
2196,0,0,43322.0,0,141,0,8,41,255,1
2197,0,1,55593.0,1,546,1,17,42,498,2
2198,0,1,50501.0,2,500,2,20,61,562,2
2199,0,1,37085.0,2,61,0,10,40,189,1
2200,1,0,16185.0,1,106,0,8,25,603,3
2201,0,0,57731.0,1,704,0,26,46,769,2
2202,0,0,48432.0,1,424,1,19,42,805,2
2203,0,1,73807.0,1,849,0,23,37,699,2
2204,0,1,18929.0,0,85,0,6,25,684,1
2205,0,0,35893.0,2,199,0,15,47,808,1
2206,0,1,61014.0,1,1147,0,20,35,784,2
2207,0,1,32144.0,2,54,1,10,61,284,1
2208,1,1,14918.0,1,43,0,5,52,903,3
2209,0,0,45146.0,2,53,0,6,52,535,1
2210,0,0,41769.0,1,521,0,22,60,687,2
2211,0,1,88325.0,0,1623,0,18,34,244,2
2212,0,0,38054.0,2,45,0,7,65,361,1
2213,0,0,80617.0,0,1435,0,19,20,752,2
2214,0,1,5305.0,1,32,0,1,39,520,1
2215,0,1,36807.0,2,16,0,4,61,742,1
2216,0,1,28427.0,1,52,0,7,32,651,1
2217,0,0,82032.0,0,1234,0,17,67,242,2
2218,0,1,22775.0,1,15,0,4,37,561,1
2219,0,1,40101.0,1,415,0,17,30,809,1
2220,0,1,58025.0,1,470,0,18,36,401,1
2221,0,0,75777.0,0,1438,3,21,33,634,2
2222,0,1,7500.0,1,53,0,11,36,545,1
2223,0,1,33562.0,3,51,0,9,52,190,1
2224,0,0,57642.0,1,679,1,22,45,122,2
2225,0,1,58554.0,2,586,0,22,47,827,1
2226,0,1,63777.0,2,653,0,26,36,648,2
2227,0,0,57967.0,1,468,0,19,53,669,2
2228,0,1,52247.25135379061,0,1679,1,1,37,754,2
2229,0,1,24434.0,2,50,0,7,43,228,1
2230,0,0,11012.0,1,84,1,9,31,656,1
2231,0,0,44802.0,0,1049,0,27,45,863,2
2232,0,0,26816.0,0,22,0,4,29,867,1
2233,0,1,666666.0,1,62,0,11,38,694,2
2234,0,1,34421.0,1,30,0,4,41,724,1
2235,0,1,61223.0,1,1341,0,18,48,567,2
2236,0,1,64014.0,3,444,1,22,69,87,1
2237,0,0,56981.0,0,1241,1,19,34,341,2
2238,0,1,69245.0,1,843,0,23,59,342,2
2239,0,1,52869.0,2,172,1,11,61,808,1
